Id;Role;Message;Datetime;Classification;Topic;Change
0h162nwvx8uMFIG;User;que tal, como iban lo de los abstracts en herencia y tal? que reglas siguen y como se implementaban?;14:13:02 - 24/02/2025;Conceptual Question;Object Orientation;No
0h162nwvx8uMFIG;semantic_search;;14:13:02 - 24/02/2025;;;
0h162nwvx8uMFIG;CharlieBOT;"¡Hola! En Java, cuando una clase hereda de otra clase, puede proporcionar su propia implementación de los métodos de la clase padre o simplemente heredar la implementación de la clase padre.  Para crear un método abstracto en una clase padre, simplemente debes usar la palabra clave abstract en la firma del método. Por ejemplo: public abstract class Figura {     public abstract double calcularArea(); }  Y luego, en la clase hija, debes proporcionar una implementación para el método abstracto: public class Circulo extends Figura {     private double radio;      public Circulo(double radio) {         this.radio = radio;     }      @Override     public double calcularArea() {         return Math.PI * radio * radio;     } }  Recuerda que una clase que contiene al menos un método abstracto debe ser declarada como abstracta también. Espero que esto te ayude. ¿Hay algo más en lo que pueda asistirte?";14:13:04 - 24/02/2025;;;
0h162nwvx8uMFIG;User;osea que se implementaria en la clase hija y ya no? y hay que declararlo antes verdad?;14:16:39 - 24/02/2025;Conceptual Question;Object Orientation;No
0h162nwvx8uMFIG;semantic_search;;14:16:39 - 24/02/2025;;;
0h162nwvx8uMFIG;CharlieBOT;"Exacto, en la clase hija debes proporcionar una implementación para el método abstracto que heredaste de la clase padre. Y sí, es necesario declarar el método como abstracto en la clase padre utilizando la palabra clave abstract. Por ejemplo, si tienes una clase padre Animal con un método abstracto hacerSonido(): public abstract class Animal {     public abstract void hacerSonido(); }  Y luego tienes una clase hija Perro que hereda de Animal, debes implementar el método hacerSonido() en la clase Perro: public class Perro extends Animal {     @Override     public void hacerSonido() {         System.out.println(""Guau guau"");     } }  Espero que esto aclare tus dudas. ¿Hay algo más en lo que pueda ayudarte?";14:16:41 - 24/02/2025;;;
0h162nwvx8uMFIG;User;que significaba cuando el tipo de datos era protected?;14:28:55 - 24/02/2025;Conceptual Question;Java;Yes
0h162nwvx8uMFIG;semantic_search;;14:28:55 - 24/02/2025;;;
0h162nwvx8uMFIG;CharlieBOT;"Cuando un miembro de una clase (ya sea un campo o un método) se declara como protected, significa que ese miembro es accesible dentro de la misma clase, en todas las clases del mismo paquete y en todas las clases hijas (independientemente del paquete en el que se encuentren). Por ejemplo, si tienes una clase Vehiculo con un campo velocidad declarado como protected: public class Vehiculo {     protected int velocidad; }  Entonces, en una clase hija de Vehiculo, puedes acceder al campo velocidad directamente: public class Coche extends Vehiculo {     public void acelerar(int incremento) {         this.velocidad += incremento;     } }  En este caso, la clase Coche puede acceder al campo velocidad directamente, ya que está declarado como protected en la clase padre Vehiculo. Espero que esto aclare tu duda. ¿Hay algo más en lo que pueda ayudarte?";14:28:59 - 24/02/2025;;;
0h162nwvx8uMFIG;User;y desde donde no puedo acceder? desde otra clase que no herede?;14:29:32 - 24/02/2025;Conceptual Question;Java;No
0h162nwvx8uMFIG;semantic_search;;14:29:32 - 24/02/2025;;;
0h162nwvx8uMFIG;CharlieBOT;"Exacto, si un miembro de una clase se declara como protected, no se puede acceder a ese miembro desde una clase que no herede de la clase que lo contiene. Es decir, no se puede acceder a un miembro protected desde una clase que no esté en el mismo paquete ni herede de la clase que lo contiene. Por ejemplo, si tienes una clase Vehiculo con un campo velocidad declarado como protected: public class Vehiculo {     protected int velocidad; }  Y luego tienes otra clase que no hereda de Vehiculo: public class OtraClase {     public void metodo() {         Vehiculo vehiculo = new Vehiculo();         int v = vehiculo.velocidad; // Esto dará un error, ya que velocidad es protected y OtraClase no hereda de Vehiculo     } }  En este caso, la clase OtraClase no puede acceder al campo velocidad directamente, ya que no hereda de la clase Vehiculo. Espero que esto aclare tu duda. ¿Hay algo más en lo que pueda ayudarte?";14:29:34 - 24/02/2025;;;
0h162nwvx8uMFIG;User;los metodos get y set iban dentro del constructor?;14:30:54 - 24/02/2025;Conceptual Question;Java;No
0h162nwvx8uMFIG;semantic_search;;14:30:54 - 24/02/2025;;;
0h162nwvx8uMFIG;CharlieBOT;"Los métodos get y set no van dentro del constructor, sino que son métodos especiales utilizados para acceder y modificar los valores de los campos de una clase, respectivamente. Estos métodos se conocen como ""métodos de acceso"" o ""métodos de obtención y modificación"" y son una parte fundamental de la encapsulación en la programación orientada a objetos. Los métodos get se utilizan para obtener (o ""obtener"") el valor de un campo, mientras que los métodos set se utilizan para establecer (o ""configurar"") el valor de un campo. Por ejemplo, si tienes una clase Persona con un campo nombre, podrías tener métodos get y set para ese campo de la siguiente manera: public class Persona {     private String nombre;      public String getNombre() {         return nombre;     }      public void setNombre(String nuevoNombre) {         this.nombre = nuevoNombre;     } }  En este ejemplo, getNombre es un método que devuelve el valor del campo nombre, y setNombre es un método que establece el valor del campo nombre. Estos métodos no van dentro del constructor, sino que se definen como métodos separados dentro de la clase para permitir el acceso controlado a los campos. Espero que esto aclare tu duda. ¿Hay algo más en lo que pueda ayudarte?";14:30:58 - 24/02/2025;;;
0h162nwvx8uMFIG;User;okey;14:31:12 - 24/02/2025;Uncategorized;Java;No
0h162nwvx8uMFIG;semantic_search;;14:31:12 - 24/02/2025;;;
0h162nwvx8uMFIG;CharlieBOT;Si tienes alguna otra pregunta o necesitas más ayuda, no dudes en preguntar. Estoy aquí para ayudarte.;14:31:13 - 24/02/2025;;;
0h162nwvx8uMFIG;User;Implementa el método area() que devuelva el área del círculo. Haz uso de Math.PI para el cálculo del área. como implementas este metodo?;14:40:30 - 24/02/2025;Code Snippet;Java;No
0h162nwvx8uMFIG;semantic_search;;14:40:30 - 24/02/2025;;;
0h162nwvx8uMFIG;CharlieBOT;"Claro, para implementar el método area() que devuelva el área del círculo, puedes hacer lo siguiente en JAVA: public class Circulo {     private double radio;      // Constructor     public Circulo(double radio) {         this.radio = radio;     }      // Método para calcular el área     public double area() {         return Math.PI * radio * radio;     }      // Otros métodos de la clase Circulo }  En este ejemplo, se define un método area() que utiliza la fórmula matemática del área de un círculo (π * radio^2) para calcular el área y devolver el resultado. Espero que esta implementación sea útil. ¿Hay algo más en lo que pueda ayudarte?";14:40:32 - 24/02/2025;;;