Id;Role;Message;Datetime;Classification;Topic;Change
COIkGWFwUp4gyUA;User;;10:01:27 - 15/02/2025;Uncategorized;Uncategorized;No
COIkGWFwUp4gyUA;semantic_search;;10:01:27 - 15/02/2025;;;
COIkGWFwUp4gyUA;CharlieBOT;Hello! How can I help you with systems programming today? If you have any questions or need assistance with Java programming, feel free to ask!;10:01:28 - 15/02/2025;;;
COIkGWFwUp4gyUA;User;could you help me for omnet++;10:01:58 - 15/02/2025;Uncategorized;Uncategorized;No
COIkGWFwUp4gyUA;semantic_search;;10:01:58 - 15/02/2025;;;
COIkGWFwUp4gyUA;CharlieBOT;I'm sorry, but as a systems programming tutor, I can only assist with questions related to systems programming using the Java programming language. If you have any questions related to that, feel free to ask!;10:01:59 - 15/02/2025;;;
iaHb7UoFrWUIoqP;User;en un switch, cual es su estructura, que hace el break, y el default que funcion realiza;13:11:03 - 15/02/2025;Conceptual Question;Java;No
iaHb7UoFrWUIoqP;semantic_search;;13:11:03 - 15/02/2025;;;
iaHb7UoFrWUIoqP;CharlieBOT;"La estructura de un switch en Java es la siguiente: switch (variable) {     case valor1:         // código a ejecutar si variable es igual a valor1         break;     case valor2:         // código a ejecutar si variable es igual a valor2         break;     // ...     default:         // código a ejecutar si variable no coincide con ningún caso }  El uso de break dentro de un case es importante porque indica que una vez que se ejecuta el código correspondiente a ese case, se debe salir del switch para evitar que se ejecuten los casos siguientes. El default es opcional y se ejecuta cuando la variable no coincide con ningún case. Es útil para manejar situaciones inesperadas o por defecto. Espero que esta explicación te haya sido de ayuda. Si tienes alguna otra pregunta relacionada con la programación de sistemas, no dudes en preguntar.";13:11:06 - 15/02/2025;;;
iaHb7UoFrWUIoqP;User;se puede usar en un switch dos veces el mismo caso con la misma funcion;13:57:52 - 15/02/2025;Conceptual Question;Java;No
iaHb7UoFrWUIoqP;semantic_search;;13:57:52 - 15/02/2025;;;
iaHb7UoFrWUIoqP;CharlieBOT;"Sí, en un switch en Java no se puede tener dos casos con el mismo valor. Cada caso debe tener un valor único. Si necesitas ejecutar la misma función para dos valores diferentes, puedes agrupar esos valores en un mismo caso utilizando el operador OR (||). Por ejemplo: switch (variable) {     case valor1:     case valor2:         // código a ejecutar si variable es igual a valor1 o valor2         break;     // ...     default:         // código a ejecutar si variable no coincide con ningún caso }  De esta manera, el mismo código se ejecutará si la variable es igual a valor1 o valor2. Espero que esta información te sea útil. Si tienes más preguntas sobre sistemas de programación, no dudes en preguntar.";13:57:55 - 15/02/2025;;;
8VlHIuhzglbjEiu;User;que tenias que hacer para hacer herencia de objetos? dame algun ejemplo;14:13:25 - 17/02/2025;Code Snippet;Object Orientation;No
8VlHIuhzglbjEiu;semantic_search;;14:13:25 - 17/02/2025;;;
8VlHIuhzglbjEiu;CharlieBOT;"¡Hola! Para hacer herencia de objetos en Java, necesitas utilizar la palabra clave ""extends"" para crear una relación de herencia entre las clases. Aquí tienes un ejemplo sencillo: // Clase padre public class Animal {     public void hacerSonido() {         System.out.println(""Haciendo sonido genérico"");     } }  // Clase hija que hereda de Animal public class Perro extends Animal {     public void hacerSonido() {         System.out.println(""Guau guau"");     } }  En este ejemplo, la clase Perro hereda de la clase Animal utilizando la palabra clave extends. La clase Perro hereda el método hacerSonido() de la clase Animal y lo sobrescribe para proporcionar su propia implementación. Espero que este ejemplo te ayude a entender cómo se hace la herencia de objetos en Java. Si tienes alguna otra pregunta, no dudes en preguntar.";14:13:27 - 17/02/2025;;;
8VlHIuhzglbjEiu;User;y para los atributos? dame un ejemplo que conlleve un constructor;14:14:21 - 17/02/2025;Code Snippet;Object Orientation;No
8VlHIuhzglbjEiu;semantic_search;;14:14:21 - 17/02/2025;;;
8VlHIuhzglbjEiu;CharlieBOT;"Claro, para heredar atributos en Java, puedes acceder a los atributos de la clase padre utilizando la palabra clave super. Aquí tienes un ejemplo que incluye un constructor: // Clase padre public class Animal {     private String nombre;      public Animal(String nombre) {         this.nombre = nombre;     }      public String getNombre() {         return nombre;     } }  // Clase hija que hereda de Animal public class Perro extends Animal {     private String raza;      public Perro(String nombre, String raza) {         super(nombre); // Llamada al constructor de la clase padre         this.raza = raza;     }      public String getInfo() {         return ""Nombre: "" + getNombre() + "", Raza: "" + raza;     } }  En este ejemplo, la clase Perro hereda el atributo nombre de la clase Animal y lo inicializa a través del constructor de la clase padre utilizando super(nombre). La clase Perro también tiene su propio atributo raza y un método getInfo() que devuelve información sobre el nombre y la raza del perro. Espero que este ejemplo te sea útil. Si tienes más preguntas o necesitas más ejemplos, no dudes en preguntar.";14:14:24 - 17/02/2025;;;
8VlHIuhzglbjEiu;User;gracias;14:15:15 - 17/02/2025;Uncategorized;Object Orientation;No
8VlHIuhzglbjEiu;semantic_search;;14:15:15 - 17/02/2025;;;
8VlHIuhzglbjEiu;CharlieBOT;¡De nada! Si tienes alguna otra pregunta sobre sistemas de programación o cualquier otra consulta relacionada, no dudes en preguntar. Estoy aquí para ayudarte.;14:15:15 - 17/02/2025;;;
8VlHIuhzglbjEiu;User;y se puede hacer un doble extend?;14:15:55 - 17/02/2025;Conceptual Question;Java;Yes
8VlHIuhzglbjEiu;semantic_search;;14:15:55 - 17/02/2025;;;
8VlHIuhzglbjEiu;CharlieBOT;"No, en Java no es posible realizar ""doble extensión"" (heredar de dos clases directamente). Java no admite la herencia múltiple, lo que significa que una clase solo puede heredar de una sola clase padre. Sin embargo, Java admite la implementación de múltiples interfaces, lo que permite lograr un comportamiento similar al de la herencia múltiple en ciertos casos. Si necesitas que una clase tenga comportamiento de múltiples fuentes, puedes utilizar interfaces para lograrlo. Las interfaces en Java permiten definir métodos que una clase debe implementar, lo que proporciona cierta flexibilidad en la definición de comportamientos. Si tienes más preguntas sobre este tema o cualquier otra consulta relacionada con sistemas de programación, no dudes en preguntar. Estoy aquí para ayudarte.";14:15:58 - 17/02/2025;;;
8VlHIuhzglbjEiu;User;cuando una clase extiende de otra y luego quiero hacerle otro extend como hago a la hora de poner el super??;15:03:24 - 17/02/2025;Code Snippet;Java;No
8VlHIuhzglbjEiu;semantic_search;;15:03:24 - 17/02/2025;;;
8VlHIuhzglbjEiu;CharlieBOT;"Cuando una clase extiende de otra y luego quieres extenderla aún más, debes tener en cuenta que en Java solo se permite una única herencia directa. Por lo tanto, no puedes hacer un ""doble extend"" como tal. Sin embargo, si necesitas extender una clase que a su vez extiende de otra, puedes hacerlo de la siguiente manera: Supongamos que tienes la clase A que extiende de la clase B, y quieres crear una nueva clase C que extienda de la clase A. En este caso, la clase A ya hereda todos los miembros de la clase B, por lo que no necesitas hacer referencia a la clase B al hacer el ""super"" en la clase C. Aquí tienes un ejemplo: public class B {     // Contenido de la clase B }  public class A extends B {     // Contenido de la clase A }  public class C extends A {     // Aquí puedes hacer referencia a los miembros de las clases A y B directamente }  En la clase C, puedes acceder a los miembros de las clases A y B directamente, ya que la clase A ya ha heredado los miembros de la clase B. Espero que esto aclare tu duda. Si necesitas más ayuda, no dudes en preguntar.";15:03:27 - 17/02/2025;;;
8VlHIuhzglbjEiu;User;"public class Person{ private String dni; public Person (String dni){ this.dni = dni;  } public String toString(){ return ""Dni"" + dni "":"";  } } public class Studient extends Person{ private String nia;   public Studient(String nia, String dni){          super(dni);     this.nia = nia;           }    public String toString(){          return super.toString + ""nia:"" + nia;      }  } public class Intern extends Person{ private int salary;  public Intern(). por ejemplo aqui como implementarias intern teniendo en cuenta que solo tiene un atributo privado";15:04:42 - 17/02/2025;Debugging Help;Object Orientation;Yes
8VlHIuhzglbjEiu;semantic_search;;15:04:42 - 17/02/2025;;;
8VlHIuhzglbjEiu;CharlieBOT;"public class Intern extends Person {     private int salary;      public Intern(String dni, int salary) {         super(dni);         this.salary = salary;     }      // Getters and setters for salary if needed      @Override     public String toString() {         return super.toString() + "" Salary: "" + salary;     } }  En la clase Intern, puedes implementar un constructor que tome el DNI y el salario como parámetros. Luego, puedes llamar al constructor de la clase Person usando super(dni) para inicializar el DNI. Después, puedes inicializar el salario con el valor proporcionado. También he agregado un método toString anulado para la clase Intern que llama al método toString de la clase Person usando super.toString() y luego agrega la información adicional del salario. Espero que esto te ayude. Si tienes más preguntas o necesitas más ayuda, no dudes en preguntar.";15:04:45 - 17/02/2025;;;
8VlHIuhzglbjEiu;User;extiende de studient no de person, perdona;15:05:18 - 17/02/2025;Student Correction;Object Orientation;No
8VlHIuhzglbjEiu;semantic_search;;15:05:18 - 17/02/2025;;;
8VlHIuhzglbjEiu;CharlieBOT;"public class Intern extends Student {     private int salary;      public Intern(String nia, String dni, int salary) {         super(nia, dni);         this.salary = salary;     }      // Getters and setters for salary if needed      @Override     public String toString() {         return super.toString() + "" Salary: "" + salary;     } }  En la clase Intern, puedes implementar un constructor que tome el NIA, DNI y salario como parámetros. Luego, puedes llamar al constructor de la clase Student usando super(nia, dni) para inicializar el NIA y el DNI. Después, puedes inicializar el salario con el valor proporcionado. También he agregado un método toString anulado para la clase Intern que llama al método toString de la clase Student usando super.toString() y luego agrega la información adicional del salario. Espero que esto te ayude. Si tienes más preguntas o necesitas más ayuda, no dudes en preguntar.";15:05:21 - 17/02/2025;;;
8VlHIuhzglbjEiu;User;"crees que harian falta implementar algun tipo de get o set? solo me pide que implemente una lista que quede tal qur asi: DNI: 01100000-A DNI: 00220000-B DNI: 00030000-C, salary: 2000 DNI: 04040000-D, salary: 1500 DNI: 50500000-E, salary: 1000, department: mathematics DNI: 66600000-F, salary: 2000, department: telematics DNI: 77000000-G, NIA: 777777 DNI: 88080000-H, NIA: 888888 DNI: 90990000-I, NIA: 999999, salary: 400 DNI: 10100000-J, NIA: 101010, salary: 800 DNI: 11110000-K, salary: 2500, department: geography DNI: 12120000-L, salary: 2500, department: mathematics ; java DataBase -s DNI: 01100000-A DNI: 00220000-B DNI: 00030000-C";15:12:53 - 17/02/2025;Code Snippet;Object Orientation;No
8VlHIuhzglbjEiu;semantic_search;;15:12:53 - 17/02/2025;;;
8VlHIuhzglbjEiu;CharlieBOT;"Si solo necesitas imprimir la lista de personas con sus respectivos atributos, no es necesario implementar getters y setters. Puedes simplemente utilizar el método toString que has definido en las clases Person, Student e Intern para imprimir la información en el formato requerido. Aquí tienes un ejemplo de cómo podrías implementar la clase DataBase para imprimir la lista de personas: import java.util.ArrayList; import java.util.List;  public class DataBase {     public static void main(String[] args) {         List<Person> people = new ArrayList<>();         people.add(new Person(""01100000-A""));         people.add(new Person(""00220000-B""));         people.add(new Intern(""00030000-C"", 2000));         // Agrega el resto de las personas aquí          for (Person person : people) {             System.out.println(person);         }     } }  En este ejemplo, se crea una lista de personas y se agregan instancias de Person y Intern a la lista. Luego, se recorre la lista e imprime cada persona utilizando su método toString. Espero que esto te ayude. Si tienes más preguntas o necesitas más ayuda, no dudes en preguntar.";15:12:56 - 17/02/2025;;;
8VlHIuhzglbjEiu;User;"public String toString(){     return super.toString() + ""salario:"" + salary; // esto es correcto??ç";15:15:07 - 17/02/2025;Debugging Help;Java;Yes
8VlHIuhzglbjEiu;semantic_search;;15:15:07 - 17/02/2025;;;
8VlHIuhzglbjEiu;CharlieBOT;"public String toString() {     return super.toString() + "", salary: "" + salary; }  En el método toString de la clase Intern, es importante separar la información del salario con una coma y un espacio para que la salida sea legible. Además, es recomendable incluir un espacio después de ""salary:"" para que la salida sea más clara. Espero que esto aclare tu duda. Si necesitas más ayuda, no dudes en preguntar.";15:15:08 - 17/02/2025;;;
8VlHIuhzglbjEiu;User;"como uso el main para que me haga esto:  DNI: 01100000-A DNI: 00220000-B DNI: 00030000-C, salary: 2000 DNI: 04040000-D, salary: 1500 DNI: 50500000-E, salary: 1000, department: mathematics DNI: 66600000-F, salary: 2000, department: telematics DNI: 77000000-G, NIA: 777777 DNI: 88080000-H, NIA: 888888 DNI: 90990000-I, NIA: 999999, salary: 400 DNI: 10100000-J, NIA: 101010, salary: 800 DNI: 11110000-K, salary: 2500, department: geography DNI: 12120000-L, salary: 2500, department: mathematics ; java DataBase -s DNI: 01100000-A DNI: 00220000-B DNI: 00030000-C";15:18:28 - 17/02/2025;Code Snippet;Object Orientation;Yes
8VlHIuhzglbjEiu;semantic_search;;15:18:28 - 17/02/2025;;;
8VlHIuhzglbjEiu;CharlieBOT;"Para lograr la salida que deseas al ejecutar el programa, puedes modificar el método main de la clase DataBase de la siguiente manera: import java.util.ArrayList; import java.util.List;  public class DataBase {     public static void main(String[] args) {         List<Person> people = new ArrayList<>();         people.add(new Person(""01100000-A""));         people.add(new Person(""00220000-B""));         people.add(new Intern(""00030000-C"", 2000));         people.add(new Employee(""04040000-D"", 1500));         people.add(new Employee(""50500000-E"", 1000, ""mathematics""));         people.add(new Employee(""66600000-F"", 2000, ""telematics""));         people.add(new Student(""77000000-G"", 777777));         people.add(new Student(""88080000-H"", 888888));         people.add(new Student(""90990000-I"", 999999, 400));         people.add(new Student(""10100000-J"", 101010, 800));         people.add(new Employee(""11110000-K"", 2500, ""geography""));         people.add(new Employee(""12120000-L"", 2500, ""mathematics""));          if (args.length > 0 && args[0].equals(""-s"")) {             for (Person person : people) {                 System.out.println(person);             }         }     } }  En este ejemplo, se crea una lista de personas y se agregan instancias de Person, Intern, Employee y Student a la lista. Luego, se verifica si se ha pasado el argumento -s al ejecutar el programa. Si se ha pasado este argumento, se recorre la lista e imprime cada persona utilizando su método toString. Al ejecutar el programa con el comando java DataBase -s, se imprimirá la lista de personas en el formato deseado. Espero que esto te sea de ayuda. Si tienes más preguntas o necesitas más ayuda, no dudes en preguntar.";15:18:32 - 17/02/2025;;;
xePvKOORNYJAmJ2;User;enseñame un ejemplo de un switch;14:01:14 - 19/02/2025;Code Snippet;Java;No
xePvKOORNYJAmJ2;semantic_search;;14:01:14 - 19/02/2025;;;
xePvKOORNYJAmJ2;CharlieBOT;"Claro, aquí tienes un ejemplo de un switch en JAVA: int opcion = 2;  switch (opcion) {     case 1:         System.out.println(""Opción 1 seleccionada"");         break;     case 2:         System.out.println(""Opción 2 seleccionada"");         break;     case 3:         System.out.println(""Opción 3 seleccionada"");         break;     default:         System.out.println(""Opción no válida"");         break; }  En este ejemplo, la variable ""opcion"" tiene el valor 2, por lo que se imprimirá ""Opción 2 seleccionada"". El uso del switch es útil cuando se tienen múltiples casos a evaluar. Espero que este ejemplo te sea útil. Si tienes alguna otra pregunta, no dudes en preguntar.";14:01:16 - 19/02/2025;;;
xePvKOORNYJAmJ2;User;"public String getColor(int color) {         switch(color) {             case 0:                 return ""Blanco"";                 break;             case 1:                 return ""Negro"";                 break;             case 2:                 return ""Azul"";                 break;             case 3:                 return ""verde"";                 break;         }		     }";14:03:04 - 19/02/2025;Debugging Help;Java;No
xePvKOORNYJAmJ2;semantic_search;;14:03:04 - 19/02/2025;;;
xePvKOORNYJAmJ2;CharlieBOT;"El código que has escrito tiene un pequeño error. En JAVA, cuando se utiliza la sentencia ""return"", no es necesario utilizar ""break"" después de cada caso en un switch. El ""break"" es necesario cuando se quiere salir del switch después de ejecutar un caso. Aquí tienes el código corregido: public String getColor(int color) {     switch(color) {         case 0:             return ""Blanco"";         case 1:             return ""Negro"";         case 2:             return ""Azul"";         case 3:             return ""Verde"";         default:             return ""Color desconocido"";     }        }  En este código, si el valor de ""color"" es 0, se retornará ""Blanco"", si es 1 se retornará ""Negro"", si es 2 se retornará ""Azul"", si es 3 se retornará ""Verde"", y si es cualquier otro valor se retornará ""Color desconocido"". Espero que esta corrección te sea útil. Si tienes más preguntas o necesitas ayuda adicional, no dudes en preguntar.";14:03:07 - 19/02/2025;;;
xePvKOORNYJAmJ2;User;"public String getColor() {         if(color==0)              return ""Blanco""; }   , porque dice que debe devolver un string, si ya lo esta devolviendo";14:07:27 - 19/02/2025;Debugging Help;Java;No
xePvKOORNYJAmJ2;semantic_search;;14:07:27 - 19/02/2025;;;
xePvKOORNYJAmJ2;CharlieBOT;"El método que has escrito tiene un par de problemas. Primero, estás utilizando un parámetro ""color"" en el método, pero no lo estás pasando como argumento. Segundo, estás utilizando un condicional ""if"" sin un ""else"" o un ""return"" fuera del condicional, lo cual puede causar un error de compilación. Aquí tienes una forma corregida del método: public String getColor(int color) {     if(color == 0) {         return ""Blanco"";     } else {         return ""Color desconocido"";     } }  En este código, se verifica si el valor de ""color"" es 0. Si es así, se retorna ""Blanco"". Si no, se retorna ""Color desconocido"". Recuerda que es importante tener un ""return"" fuera del condicional para cubrir todos los casos posibles. Si tienes más preguntas o necesitas ayuda adicional, no dudes en preguntar.";14:07:29 - 19/02/2025;;;
xePvKOORNYJAmJ2;User;como seria el metodo para testear un clase cuenta bancaria, que admite por metodos, en este orden, saldo, Dni, Persona. Para comprobar por ejemplo que al ingresar una cantidad, el saldo es correcto;16:47:30 - 19/02/2025;Code Snippet;Object Orientation;Yes
xePvKOORNYJAmJ2;semantic_search;;16:47:30 - 19/02/2025;;;
xePvKOORNYJAmJ2;CharlieBOT;"Para testear una clase CuentaBancaria que admite métodos para establecer el saldo, DNI y persona, puedes utilizar el framework de pruebas unitarias JUnit. Primero, necesitarás crear un método de prueba que verifique que al ingresar una cantidad, el saldo es correcto. Aquí tienes un ejemplo de cómo podrías hacerlo: import static org.junit.Assert.assertEquals; import org.junit.Test;  public class CuentaBancariaTest {      @Test     public void testIngresarSaldo() {         CuentaBancaria cuenta = new CuentaBancaria();         cuenta.setSaldo(100); // Establecer el saldo inicial         cuenta.ingresar(50); // Ingresar 50 unidades         assertEquals(150, cuenta.getSaldo()); // Verificar que el saldo es 150     } }  En este ejemplo, se crea un objeto CuentaBancaria, se establece un saldo inicial de 100 unidades, se ingresa una cantidad de 50 unidades y luego se verifica que el saldo sea 150 unidades.  Recuerda que este es solo un ejemplo y que necesitarás adaptarlo a tu implementación específica de la clase CuentaBancaria. Además, necesitarás tener JUnit configurado en tu proyecto para poder ejecutar pruebas unitarias. Si necesitas más ayuda con pruebas unitarias o con la implementación de la clase CuentaBancaria, no dudes en preguntar.";16:47:34 - 19/02/2025;;;
xePvKOORNYJAmJ2;User;que significa que el compilador te diga que assertEquals is deprecated;16:50:36 - 19/02/2025;Debugging Help;Java;Yes
xePvKOORNYJAmJ2;semantic_search;;16:50:36 - 19/02/2025;;;
xePvKOORNYJAmJ2;CharlieBOT;"Cuando el compilador te dice que assertEquals está deprecado, significa que el método assertEquals ya no se recomienda utilizar y es probable que sea eliminado en futuras versiones de la biblioteca o framework que estés utilizando. En el caso de JUnit, el método assertEquals ha sido marcado como deprecado en versiones más recientes a favor de otros métodos de aserción más específicos. En JUnit 4, el método assertEquals ha sido reemplazado por métodos más específicos como assertEquals para comparar objetos, assertSame para comparar referencias de objetos y assertArrayEquals para comparar arreglos. Por lo tanto, se recomienda utilizar estos métodos en lugar del método genérico assertEquals. Aquí tienes un ejemplo de cómo usar assertEquals para comparar dos valores: import static org.junit.Assert.assertEquals; import org.junit.Test;  public class MiClaseTest {      @Test     public void testMetodo() {         int resultado = MiClase.metodo();         assertEquals(5, resultado); // Verificar que el resultado es 5     } }  Si estás utilizando JUnit 4 o una versión posterior, te recomendaría utilizar los métodos de aserción específicos en lugar de assertEquals para evitar problemas con la obsolescencia. Si tienes más preguntas sobre pruebas unitarias o JUnit, no dudes en preguntar.";16:50:38 - 19/02/2025;;;
P01JTmsEWWX50NL;User;cual es el motivo por el que se ponen los getters y setters;18:10:19 - 14/02/2025;Conceptual Question;Object Orientation;No
P01JTmsEWWX50NL;semantic_search;;18:10:19 - 14/02/2025;;;
P01JTmsEWWX50NL;CharlieBOT;Los getters y setters se utilizan en Java para acceder y modificar los atributos de una clase de manera controlada. Esto permite mantener la encapsulación de los datos, lo que significa que el acceso a los atributos se realiza a través de métodos, lo que proporciona un nivel de seguridad y flexibilidad en la manipulación de los datos. Los getters permiten obtener el valor de un atributo, mientras que los setters permiten establecer o modificar el valor de un atributo. Esto es importante en la programación orientada a objetos, ya que ayuda a garantizar la coherencia y la integridad de los datos.;18:10:21 - 14/02/2025;;;
ZT50sKs6yKBwvMB;User;Modifica el primer constructor para que cuando se construyan objetos de la clase, estos se uniformicen automáticamente haciendo las siguientes operaciones:  Si el denominador es negativo, multiplica numerador y denominador por -1. ten en cuenta que ya he definido toda la clase;19:02:48 - 12/02/2025;Complete Solution;Object Orientation;No
ZT50sKs6yKBwvMB;semantic_search;;19:02:48 - 12/02/2025;;;
ZT50sKs6yKBwvMB;CharlieBOT;"public class Fraction {     private int numerator;     private int denominator;      public Fraction(int numerator, int denominator) {         if (denominator < 0) {             this.numerator = -numerator;             this.denominator = -denominator;         } else {             this.numerator = numerator;             this.denominator = denominator;         }     }      // Other methods and constructors... }";19:02:50 - 12/02/2025;;;
ZT50sKs6yKBwvMB;User;"Simplifica la fracción dividiendo numerador y denominador por su máximo común divisor. Probablemente sea una buena decisión de diseño crear un método auxiliar privado que implemente estas operaciones, e invocarlo desde el constructor. Para calcular el máximo común divisor de dos números puedes copiar el siguiente método en tu clase: private int gcd() { int a = /* put here the attribute that represents the numerator / int b = / put here the attribute that represents the denominator */ while (b != 0) { int tmp = b; b = a % b; a = tmp; } if (a < 0) { a = -a; } return a; }";19:04:25 - 12/02/2025;Complete Solution;Object Orientation;No
ZT50sKs6yKBwvMB;semantic_search;"Knuth, 1974 Cálculo del factorial fac(n) = n! = n*(n-1)(n-2)…21  (con n > 0 y m = 1) public static long fac(int n, int m){    if (n<=1){       return m;    }     else{       return fac(n-1, n*m);    } }  public static long fac(int n, int m){     while (! (n <= 1)){         m = n * m;         n = n - 1;     }     return m; }  RecursiónIteración Ejercicio 4 Implementa el método recursivo mcd(int a, int b) el cual permite calcular el máximo común divisor de dos números enteros. Ejercicio 5 Implementa el método recursivo decToBin(int decimal, String binary) el cual recibe un número decimal y devuelve una cadena con el equivalente en binario de dicho número decimal. Resumen  Identificar el rango de valores para terminación Caso(s) base y caso(s) recursivos que se aproximan al base Recursión lineal (máx. 1 llamada recursiva por rama) Por la cola (resultado en la última operación y fácilmente convertible a bucle) No por la cola (cálculo costoso)   Recursión no lineal (más de 1 llamada recursiva en alguna rama) Cascada o anidada";19:04:25 - 12/02/2025;;;
ZT50sKs6yKBwvMB;CharlieBOT;"public class Fraction {     private int numerator;     private int denominator;      public Fraction(int numerator, int denominator) {         if (denominator < 0) {             this.numerator = -numerator;             this.denominator = -denominator;         } else {             this.numerator = numerator;             this.denominator = denominator;         }         simplify();     }      private void simplify() {         int gcd = gcd();         this.numerator /= gcd;         this.denominator /= gcd;     }      private int gcd() {         int a = Math.abs(this.numerator);         int b = Math.abs(this.denominator);         while (b != 0) {             int tmp = b;             b = a % b;             a = tmp;         }         return a;     }      // Other methods and constructors... }";19:04:28 - 12/02/2025;;;
0h162nwvx8uMFIG;User;que tal, como iban lo de los abstracts en herencia y tal? que reglas siguen y como se implementaban?;14:13:02 - 24/02/2025;Conceptual Question;Object Orientation;No
0h162nwvx8uMFIG;semantic_search;;14:13:02 - 24/02/2025;;;
0h162nwvx8uMFIG;CharlieBOT;"¡Hola! En Java, cuando una clase hereda de otra clase, puede proporcionar su propia implementación de los métodos de la clase padre o simplemente heredar la implementación de la clase padre.  Para crear un método abstracto en una clase padre, simplemente debes usar la palabra clave abstract en la firma del método. Por ejemplo: public abstract class Figura {     public abstract double calcularArea(); }  Y luego, en la clase hija, debes proporcionar una implementación para el método abstracto: public class Circulo extends Figura {     private double radio;      public Circulo(double radio) {         this.radio = radio;     }      @Override     public double calcularArea() {         return Math.PI * radio * radio;     } }  Recuerda que una clase que contiene al menos un método abstracto debe ser declarada como abstracta también. Espero que esto te ayude. ¿Hay algo más en lo que pueda asistirte?";14:13:04 - 24/02/2025;;;
0h162nwvx8uMFIG;User;osea que se implementaria en la clase hija y ya no? y hay que declararlo antes verdad?;14:16:39 - 24/02/2025;Conceptual Question;Object Orientation;No
0h162nwvx8uMFIG;semantic_search;;14:16:39 - 24/02/2025;;;
0h162nwvx8uMFIG;CharlieBOT;"Exacto, en la clase hija debes proporcionar una implementación para el método abstracto que heredaste de la clase padre. Y sí, es necesario declarar el método como abstracto en la clase padre utilizando la palabra clave abstract. Por ejemplo, si tienes una clase padre Animal con un método abstracto hacerSonido(): public abstract class Animal {     public abstract void hacerSonido(); }  Y luego tienes una clase hija Perro que hereda de Animal, debes implementar el método hacerSonido() en la clase Perro: public class Perro extends Animal {     @Override     public void hacerSonido() {         System.out.println(""Guau guau"");     } }  Espero que esto aclare tus dudas. ¿Hay algo más en lo que pueda ayudarte?";14:16:41 - 24/02/2025;;;
0h162nwvx8uMFIG;User;que significaba cuando el tipo de datos era protected?;14:28:55 - 24/02/2025;Conceptual Question;Java;Yes
0h162nwvx8uMFIG;semantic_search;;14:28:55 - 24/02/2025;;;
0h162nwvx8uMFIG;CharlieBOT;"Cuando un miembro de una clase (ya sea un campo o un método) se declara como protected, significa que ese miembro es accesible dentro de la misma clase, en todas las clases del mismo paquete y en todas las clases hijas (independientemente del paquete en el que se encuentren). Por ejemplo, si tienes una clase Vehiculo con un campo velocidad declarado como protected: public class Vehiculo {     protected int velocidad; }  Entonces, en una clase hija de Vehiculo, puedes acceder al campo velocidad directamente: public class Coche extends Vehiculo {     public void acelerar(int incremento) {         this.velocidad += incremento;     } }  En este caso, la clase Coche puede acceder al campo velocidad directamente, ya que está declarado como protected en la clase padre Vehiculo. Espero que esto aclare tu duda. ¿Hay algo más en lo que pueda ayudarte?";14:28:59 - 24/02/2025;;;
0h162nwvx8uMFIG;User;y desde donde no puedo acceder? desde otra clase que no herede?;14:29:32 - 24/02/2025;Conceptual Question;Java;No
0h162nwvx8uMFIG;semantic_search;;14:29:32 - 24/02/2025;;;
0h162nwvx8uMFIG;CharlieBOT;"Exacto, si un miembro de una clase se declara como protected, no se puede acceder a ese miembro desde una clase que no herede de la clase que lo contiene. Es decir, no se puede acceder a un miembro protected desde una clase que no esté en el mismo paquete ni herede de la clase que lo contiene. Por ejemplo, si tienes una clase Vehiculo con un campo velocidad declarado como protected: public class Vehiculo {     protected int velocidad; }  Y luego tienes otra clase que no hereda de Vehiculo: public class OtraClase {     public void metodo() {         Vehiculo vehiculo = new Vehiculo();         int v = vehiculo.velocidad; // Esto dará un error, ya que velocidad es protected y OtraClase no hereda de Vehiculo     } }  En este caso, la clase OtraClase no puede acceder al campo velocidad directamente, ya que no hereda de la clase Vehiculo. Espero que esto aclare tu duda. ¿Hay algo más en lo que pueda ayudarte?";14:29:34 - 24/02/2025;;;
0h162nwvx8uMFIG;User;los metodos get y set iban dentro del constructor?;14:30:54 - 24/02/2025;Conceptual Question;Java;No
0h162nwvx8uMFIG;semantic_search;;14:30:54 - 24/02/2025;;;
0h162nwvx8uMFIG;CharlieBOT;"Los métodos get y set no van dentro del constructor, sino que son métodos especiales utilizados para acceder y modificar los valores de los campos de una clase, respectivamente. Estos métodos se conocen como ""métodos de acceso"" o ""métodos de obtención y modificación"" y son una parte fundamental de la encapsulación en la programación orientada a objetos. Los métodos get se utilizan para obtener (o ""obtener"") el valor de un campo, mientras que los métodos set se utilizan para establecer (o ""configurar"") el valor de un campo. Por ejemplo, si tienes una clase Persona con un campo nombre, podrías tener métodos get y set para ese campo de la siguiente manera: public class Persona {     private String nombre;      public String getNombre() {         return nombre;     }      public void setNombre(String nuevoNombre) {         this.nombre = nuevoNombre;     } }  En este ejemplo, getNombre es un método que devuelve el valor del campo nombre, y setNombre es un método que establece el valor del campo nombre. Estos métodos no van dentro del constructor, sino que se definen como métodos separados dentro de la clase para permitir el acceso controlado a los campos. Espero que esto aclare tu duda. ¿Hay algo más en lo que pueda ayudarte?";14:30:58 - 24/02/2025;;;
0h162nwvx8uMFIG;User;okey;14:31:12 - 24/02/2025;Uncategorized;Java;No
0h162nwvx8uMFIG;semantic_search;;14:31:12 - 24/02/2025;;;
0h162nwvx8uMFIG;CharlieBOT;Si tienes alguna otra pregunta o necesitas más ayuda, no dudes en preguntar. Estoy aquí para ayudarte.;14:31:13 - 24/02/2025;;;
0h162nwvx8uMFIG;User;Implementa el método area() que devuelva el área del círculo. Haz uso de Math.PI para el cálculo del área. como implementas este metodo?;14:40:30 - 24/02/2025;Code Snippet;Java;No
0h162nwvx8uMFIG;semantic_search;;14:40:30 - 24/02/2025;;;
0h162nwvx8uMFIG;CharlieBOT;"Claro, para implementar el método area() que devuelva el área del círculo, puedes hacer lo siguiente en JAVA: public class Circulo {     private double radio;      // Constructor     public Circulo(double radio) {         this.radio = radio;     }      // Método para calcular el área     public double area() {         return Math.PI * radio * radio;     }      // Otros métodos de la clase Circulo }  En este ejemplo, se define un método area() que utiliza la fórmula matemática del área de un círculo (π * radio^2) para calcular el área y devolver el resultado. Espero que esta implementación sea útil. ¿Hay algo más en lo que pueda ayudarte?";14:40:32 - 24/02/2025;;;
