CLASSE,ESPECIFICAÇÃO, AFINIDADE,ESPECIFICAÇÃO AFINIDADE, AFINIDADE,ESPECIFICAÇÃO AFINIDADE, AFINIDADE,ESPECIFICAÇÃO AFINIDADE, AFINIDADE,ESPECIFICAÇÃO AFINIDADE, AFINIDADE,ESPECIFICAÇÃO AFINIDADE,,,,,,,,,,
1,"Sais [preparações químicas], preparações químicas",42,"Análises químicas; Assessoria, consultoria e informações sobre pesquisas e análises bacteriológicas, 
biológicas, químicas e bioquímicas",,,,,,,,,,,,,,,,,,
2,Tintas,16,Tintas *,35,"Comércio [através de qualquer meio] de tintas, vernizes, lacas",40,Serviço de mistura de tintas,,,,,,,,,,,,,,
3,Cosméticos,18," Bolsa para cosméticos [vazia]; Estojos de cosméticos [frasqueiras], vazios",21,Utensílios para cosméticos,35,Comércio [através de qualquer meio] de cosméticos,42,"Assessoria, consultoria e informação sobre pesquisas de cosméticos",,,,,,,,,,,,
3,"Perfumes,  Produtos de perfumaria",35,"Comércio [através de qualquer meio] de produtos de perfumaria;  Supermercado [comércio de artigos de higiene pessoal, cosmética e perfumaria]",4,Velas perfumadas,7,Acessórios para aspirador de pó para disseminação de perfumes e desinfetantes,21,"Defumadores [perfumadores], elétricos e não elétricos",40,Perfumar o ar,,,,,,,,,,
4,Lubrificantes,35,Comércio [através de qualquer meio] de lubrificantes,,,,,,,,,,,,,,,,,,
5,Preparações farmacêuticas,35,Comércio [através de qualquer meio] de preparações farmacêuticas; Farmácia [comércio de produtos farmacêuticos],44,Análise farmacêutica; Consultoria em farmacêutica; Farmácia de manipulação [manipulação de medicamentos];  Preparação de receitas por farmacêuticos ,,,,,,,,,,,,,,,,
5,Cultura de tecido biológico para fins medicinais,16,Amostras biológicas para uso em microscopia [material didático],,,,,,,,,,,,,,,,,,
5,Suplementos nutricionais,44,"Assessoria, consultoria e informação sobre suplementos dietéticos e nutrição",,,,,,,,,,,,,,,,,,
5,Suplementos alimentares,44,"Assessoria, consultoria e informação sobre suplementos dietéticos e nutrição",,,,,,,,,,,,,,,,,,
5,Fungicidas,35,"Comércio [através de qualquer meio] de produtos para a destruição dos animais nocivos, fungicidas e herbicidas",1, Aditivos químicos para fungicidas,,,,,,,,,,,,,,,,
5,herbicidas,35,"Comércio [através de qualquer meio] de produtos para a destruição dos animais nocivos, fungicidas e herbicidas",,,,,,,,,,,,,,,,,,
5,Desinfetantes,7,Acessórios para aspirador de pó para disseminação de perfumes e desinfetantes; Aparelhos para lavagem [limpeza]; ,11,Distribuidores de desinfetantes para toaletes; Aparelho desinfetante para fins médicos,35,Comércio [através de qualquer meio] de desinfetantes; Comércio [através de qualquer meio] de material de limpeza;,21,Esfregões para limpeza; Panos de limpeza,37,Aluguel de equipamentos de limpeza; Desentupimento e limpeza de cano e tubulação; Serviços domésticos [serviços de limpeza],,,,,,,,,,
5,Preparações para destruir pragas,37,"Serviço de controle de pragas, exceto para agricultura, aquicultura, horticultura e silvicultura",44,"Serviços de controle de pragas para agricultura, aquicultura, horticultura e silvicultura;Tratamento fitossanitário [controle de pragas agrícolas]",,,,,,,,,,,,,,,,
6,"Metais comuns, brutos ou semitrabalhados",2,Preparações para proteção de metais,7,Máquinas para trabalhar metais,14,Metais preciosos não trabalhados ou semitrabalhados; Lingotes de metais preciosos; ,35,Comércio [através de qualquer meio] de metais comuns e suas ligas; Comércio [através de qualquer meio] de metais preciosos e suas ligas; Comércio [através de qualquer meio] de produtos confeccionados de metais preciosos ou folheados,,,,,,,,,,,,
6,"Cabos de metal, não elétricos",17,Isolantes para cabos,35,Comércio [através de qualquer meio] de cabos e fios de metal comuns não elétricos,37,Instalação de cabos,,,,,,,,,,,,,,
6,Abraçadeira de fixação [ferragem],8,Olhal [ferragem],20,Ferragem não metálica para cortina de metal,35,- Comércio [através de qualquer meio] de artigos de ferragem,,,,,,,,,,,,,,
6,Amortecedor para porta [ferragem],8,Olhal [ferragem],20,Ferragem não metálica para cortina de metal,35,- Comércio [através de qualquer meio] de artigos de ferragem,,,,,,,,,,,,,,
6,Anel metálico [ferragem],8,Olhal [ferragem],20,Ferragem não metálica para cortina de metal,35,- Comércio [através de qualquer meio] de artigos de ferragem,,,,,,,,,,,,,,
6,Articulação metálica para janela [ferragem],8,Olhal [ferragem],20,Ferragem não metálica para cortina de metal,35,- Comércio [através de qualquer meio] de artigos de ferragem,,,,,,,,,,,,,,
6,Borboleta [ferragem],8,Olhal [ferragem],20,Ferragem não metálica para cortina de metal,35,- Comércio [através de qualquer meio] de artigos de ferragem,,,,,,,,,,,,,,
6,Escora de porta de metal [ferragem],8,Olhal [ferragem],20,Ferragem não metálica para cortina de metal,35,- Comércio [através de qualquer meio] de artigos de ferragem,,,,,,,,,,,,,,
6,Espiga [ferragem],8,Olhal [ferragem],20,Ferragem não metálica para cortina de metal,35,- Comércio [através de qualquer meio] de artigos de ferragem,,,,,,,,,,,,,,
6,Ferragem metálica para cortina,8,Olhal [ferragem],20,Ferragem não metálica para cortina de metal,35,- Comércio [através de qualquer meio] de artigos de ferragem,,,,,,,,,,,,,,
6,Fivelas de metal comum [ferragem],8,Olhal [ferragem],20,Ferragem não metálica para cortina de metal,35,- Comércio [através de qualquer meio] de artigos de ferragem,,,,,,,,,,,,,,
6,Grampo de metal [ferragem],8,Olhal [ferragem],20,Ferragem não metálica para cortina de metal,35,- Comércio [através de qualquer meio] de artigos de ferragem,,,,,,,,,,,,,,
6,Mangas [ferragem de metal],8,Olhal [ferragem],20,Ferragem não metálica para cortina de metal,35,- Comércio [através de qualquer meio] de artigos de ferragem,,,,,,,,,,,,,,
6,Tenazes [ferragem de metal],8,Olhal [ferragem],20,Ferragem não metálica para cortina de metal,35,- Comércio [através de qualquer meio] de artigos de ferragem,,,,,,,,,,,,,,
6,Cofres de dinheiro [metálicos ou não metálicos],20,Cofres não metálicos,21,Cofres de porquinho,,,,,,,,,,,,,,,,
6,Cofres de segurança,20,Cofres não metálicos,21,Cofres de porquinho,,,,,,,,,,,,,,,,
6,Cofres eletrônicos,20,Cofres não metálicos,21,Cofres de porquinho,,,,,,,,,,,,,,,,
6,Cofres-fortes [metálicos ou não metálicos],20,Cofres não metálicos,21,Cofres de porquinho,,,,,,,,,,,,,,,,
7,Máquinas-ferramentas,9,Aparelhos e máquinas para sondagem,11,"Máquinas para irrigar, para fins agrícolas",16,Máquinas para perfurar [material de escritório],35,Aluguel de máquinas de autosserviço;  Comércio [através de qualquer meio] de máquinas-ferramentas; ,37,"Automação industrial [instalação e manutenção de máquinas]; Instalação, manutenção e reparo de máquinas",,,,,,,,,,
7,Abridores de latas elétricos,8,"Abridores de latas, não elétricos",21,"Abridores de garrafas, elétricos e não elétricos",,,,,,,,,,,,,,,,
8,Lâminas para aparelho de barbear,35,"Comércio [através de qualquer meio] de aparelhos [lâminas] de barbear; Comércio [através de qualquer meio] de preparações de higiene pessoal não 
medicamentosas",,,,,,,,,,,,,,,,,,
8,Agulhas para tatuagens,26,Agulhas *; Caixas para agulhas,44,Serviço de tatuagem,2,Tinta para tatuagem,,,,,,,,,,,,,,
8,Alicates de unhas,21,Escovinhas para as unhas,3,Acetona [removedor de esmalte de unhas]; Esmalte para unhas; Produtos para o cuidado das unhas,,,,,,,,,,,,,,,,
8,Ferramentas manuais,6,"Caixas de metal para ferramentas, vazias",18,"Bolsas de couro para ferramentas, vazias",20,"Arca para ferramentas, não metálicas, vazias; Caixas de ferramentas, não metálicas, vazias",35,Comércio [através de qualquer meio] de ferramentas manuais; Comércio [através de qualquer meio] de máquinas-ferramentas; ,,,,,,,,,,,,
8,"Ferramentas de jardinagem, operadas manualmente",21,Luvas de jardinagem,44,Aluguel de animais para serviços de jardinagem; Aluguel de equipamentos de jardinagem; Jardinagem,,,,,,,,,,,,,,,,
8,Implementos agrícolas manuais,35,Comércio [através de qualquer meio] de instrumentos agrícolas não manuais,42,Agrimensura [medição de terras agrícolas,44,Aluguel de equipamentos agrícolas,,,,,,,,,,,,,,
9,Alarmes,12,Alarmes de marcha à ré para veículos,37,Instalação e reparo de alarmes de incêndio,45,Aluguel de alarmes de incêndio,,,,,,,,,,,,,,
9,Alarmes de incêndio,37,Instalação e reparo de alarmes de incêndio,45,Aluguel de alarmes de incêndio,,,,,,,,,,,,,,,,
9,Aparelhos de transmissão [telecomunicação],35,"Comércio [através de qualquer meio] de aparelhos para o registro, a transmissão e a reprodução de som ou imagens",38,Aluguel de aparelhos de transmissão de mensagens,,,,,,,,,,,,,,,,
9,Armação de óculos,35,Comércio [através de qualquer meio] de aparelhos e instrumentos ópticos,40,Polimento de vidro óptico,42,Aluguel de óculos inteligentes,,,,,,,,,,,,,,
9,Arquivos de música baixáveis,35,"Comércio on-line, no varejo, de filmes e músicas pré-gravados e para download; Comércio on-line, no varejo, de música digital baixável",,,,,,,,,,,,,,,,,,
9,Babá eletrônica,45,Serviços de babá,,,,,,,,,,,,,,,,,,
9,Cabos elétricos,6,Grampos de metal para cabos ou tubos,17,Isolantes para cabos,35,Comércio [através de qualquer meio] de cabos e fios de metal comuns não elétricos,37,Instalação de cabos,,,,,,,,,,,,
9,"Cartuchos de tinta, vazios, para impressoras e fotocopiadoras",2,"Cartuchos de tinta, abastecidos, para impressoras e fotocopiadoras",7,Impressoras 3d,37,Serviço de recarga para cartucho de impressora,40,Aluguel de impressoras para uso com computadores,,,,,,,,,,,,
9,Programas de jogos de computador baixáveis,28,Controles para consoles de jogos; Jogos,35,Comércio [através de qualquer meio] de jogos e brinquedos,41,Aluguel de equipamento de jogos; - Provimento de serviços para jogos eletrônicos;  Provimento de serviços para jogos on-line [computadores],42,Desenvolvimento de videogames e jogos de computador,,,,,,,,,,,,
10,Agulhas de acupuntura,44,Acupuntura,,,,,,,,,,,,,,,,,,
10,Agulhas para sutura,35,Comércio [através de qualquer meio] de material de sutura,,,,,,,,,,,,,,,,,,
10,Agulhas para uso medicinal,26,Caixas para agulhas,,,,,,,,,,,,,,,,,,
10,Aparelhos auditivos,44,Locação de equipamentos médicos,11,Esterilizadores para instrumentos médicos,35,Comércio [através de qualquer meio] de aparelhos e instrumentos médicos,37,Esterilização de instrumentos médicos,,,,,,,,,,,,
10,Aparelhos e instrumentos médicos,44,Locação de equipamentos médicos,11,Esterilizadores para instrumentos médicos,35,Comércio [através de qualquer meio] de aparelhos e instrumentos médicos,37,Esterilização de instrumentos médicos,,,,,,,,,,,,
10,Aparelhos e instrumentos odontológicos,40,Protético [serviço técnico de odontologia],44,"Assessoria, consultoria e informação odontológica; Assessoria, consultoria e informações sobre medicina, assistência médica e 
odontológica; Odontologia [cirurgião-dentista]; Perícia odontológica/perito odonto-legista",,,,,,,,,,,,,,,,
10,Aparelhos e instrumentos veterinários,5,Preparações veterinárias,35,Comércio [através de qualquer meio] de aparelhos e instrumentos veterinários; Comércio [através de qualquer meio] de preparações veterinárias,44,"Assistência veterinária; Clínica veterinária; Coleta, em domicílio, de material para análise clínica médica/veterinária",,,,,,,,,,,,,,
10,Pistolas para medicação [uso veterinário],5,Preparações veterinárias,35,Comércio [através de qualquer meio] de aparelhos e instrumentos veterinários; Comércio [através de qualquer meio] de preparações veterinárias,44,"Assistência veterinária; Clínica veterinária; Coleta, em domicílio, de material para análise clínica médica/veterinária",,,,,,,,,,,,,,
10,Aparelhos para massagem,20,Cadeiras ergonômicas para massagem na posição sentada; Mesas de massagem,44,"Assessoria, consultoria e informação em massagem; Massagem",,,,,,,,,,,,,,,,
10,Aparelhos para massagens estéticas,20,Cadeiras ergonômicas para massagem na posição sentada; Mesas de massagem,,,,,,,,,,,,,,,,,,
10,Coletores menstruais,5,Absorventes higiênicos externos para menstruação; Absorventes higiênicos internos,,,,,,,,,,,,,,,,,,
10,Lençóis cirúrgicos,24,Lençóis [têxteis],,,,,,,,,,,,,,,,,,
10,Maletas especiais para instrumentos médicos,6,Fechos de metal para maletas,,,,,,,,,,,,,,,,,,
10,Mamadeiras,11,Aquecedores elétricos para mamadeiras,21,Aquecedores não elétricos para mamadeiras,28,Mamadeiras de bonecas,,,,,,,,,,,,,,
10,Próteses,,,3,Produtos para polimento de próteses dentárias,5,Porcelana para próteses dentárias,,,,,,,,,,,,,,
10,Ventosas medicinais,,,44,Manipulação de fórmulas medicinais,,,,,,,,,,,,,,,,
11,Acessórios para banhos,25,Toucas de banho; Trajes de banho,10,Pranchas de banho adaptadas para pessoas com deficiências físicas,19,Cabines de banho não metálicas,20,Cadeiras de banho para bebês; Esponja para banho,24,Luvas para banho,,,,,,,,,,
11,Aparelhos de ar-condicionado,19,Dutos não metálicos para instalações de ventilação e ar condicionado37,37,"Instalação e conserto de ar condicionado, inclusive de veículo;  Instalação e reparo de aparelhos de ar condicionado",40,Aluguel de aparelhos de ar condicionado,,,,,,,,,,,,,,
11,Aparelhos de ar-condicionado para veículos,19,Dutos não metálicos para instalações de ventilação e ar condicionado37,37,"Instalação e conserto de ar condicionado, inclusive de veículo;  Instalação e reparo de aparelhos de ar condicionado",40,Aluguel de aparelhos de ar condicionado,,,,,,,,,,,,,,
11,Aparelhos de iluminação de LED [diodos emissores de luz],4,Artigo para iluminação não elétrico,35,Comércio [através de qualquer meio] de aparelhos de iluminação; Comércio [através de qualquer meio] de artigos de iluminação,41,Aluguel de equipamentos para iluminação de teatro ou estúdios de televisão,43,Aluguel de equipamentos de iluminação,,,,,,,,,,,,
11,Aparelhos e instalações de refrigeração,35,Comércio [através de qualquer meio] de aparelhos de refrigeração,37,Conserto e manutenção de equipamentos de refrigeração; Instalação e reparo de equipamentos de refrigeração,,,,,,,,,,,,,,,,
11,Aparelhos elétricos de aquecimento,7,Bombas para instalações de aquecimento,35,Comércio [através de qualquer meio] de aparelhos de aquecimento,37,Instalação e reparo de equipamentos de aquecimento,40,Aluguel de aparelhos para aquecimento de ambientes,,,,,,,,,,,,
11,Aparelhos para bronzeamento,44,Bronzeamento artificial,,,,,,,,,,,,,,,,,,
11,Aparelhos para grelhar [grelhadores],21,Grelhas [utensílios para cozinhar]; Suportes para grelhas,,,,,,,,,,,,,,,,,,
11,Fornos [cozedores],37,Instalação e reparo de forno,,,,,,,,,,,,,,,,,,
11,Fornos de micro-onda [aparelhos de cozinha],37,Instalação e reparo de forno,,,,,,,,,,,,,,,,,,
11,Fornos de micro-ondas para fins industriais,37,Instalação e reparo de forno,,,,,,,,,,,,,,,,,,
11,Fornos de padarias,37,Instalação e reparo de forno,,,,,,,,,,,,,,,,,,
11,Panelas elétricas,21,Fechos para tampas de panelas; Panelas não elétricas; Pega-panelas,35,Comércio [através de qualquer meio] de panelas,,,,,,,,,,,,,,,,
12,Aeronaves,37,Manutenção e reparo de aeronaves,39,Aluguel de aeronaves; Aluguel de motores de aeronaves,40,Fabricação personalizada de aeronaves,,,,,,,,,,,,,,
12,Automóveis,11,Faróis para automóveis; Luzes para automóveis,27,Tapetes para automóveis,37,"Manutenção e reparo de automóveis; Serviços de centro de diagnóstico de veículo [serviços de manutenção/reparo de 
automóveis]",39,Locação de automóveis,,,,,,,,,,,,
12,Bicicletas,6,Instalações de metal para estacionar bicicletas,7,Máquinas para montagem de bicicletas,11,Luzes direcionais para bicicletas,28,Bicicletas fixas para exercício,,,,,,,,,,,,
12,Carrinhos de bebê,18,Bolsas para carregar bebês [slings];  Mochilas para carregar bebês; Slings para carregar bebês,20,Andadores para bebês; Bebê conforto; Berços para bebês; Cadeira para bebê,,,,,,,,,,,,,,,,
13,Armas de fogo,9,Miras telescópicas para armas de fogo,35,Comércio [através de qualquer meio] de armas de fogo,,,,,,,,,,,,,,,,
13,Fogos de artifício,35,Comércio [através de qualquer meio] de fogos de artifício,,,,,,,,,,,,,,,,,,
13,Fogos de artifício pequenos,35,Comércio [através de qualquer meio] de fogos de artifício,,,,,,,,,,,,,,,,,,
13,Explosivos,7,Pistolas [ferramentas que utilizam cartuchos explosivos],35,Comércio [através de qualquer meio] de explosivos,,,,,,,,,,,,,,,,
14,Abotoaduras,26,"Artigos de armarinho [itens de costura], exceto linhas *",35,Comércio [através de qualquer meio] de botões [artigos de armarinho],,,,,,,,,,,,,,,,
14,Anéis [joias e bijuterias],20,Painéis organizadores de joalheria e bijuteria,35,Comércio [através de qualquer meio] de bijuteria,37,Serviços de reparo de joias e bijuterias,36,"Assessoria, consultoria e informação em avaliação de jóias; Avaliação de jóias",,,,,,,,,,,,
14,Artigos de joalheria / bijuteria,20,Painéis organizadores de joalheria e bijuteria,35,Comércio [através de qualquer meio] de bijuteria,37,Serviços de reparo de joias e bijuterias,36,"Assessoria, consultoria e informação em avaliação de jóias; Avaliação de jóias",,,,,,,,,,,,
14,Brincos,20,Painéis organizadores de joalheria e bijuteria,35,Comércio [através de qualquer meio] de bijuteria,37,Serviços de reparo de joias e bijuterias,36,"Assessoria, consultoria e informação em avaliação de jóias; Avaliação de jóias",,,,,,,,,,,,
14,Caixas de relógios [de parede ou de sala],9,Relógios de ponto; Relógios inteligentes,37,Reparos de relógios,35,Comércio [através de qualquer meio] de artigos de relojoaria,,,,,,,,,,,,,,
14,Caixas de metal precioso,35,"Comércio [através de qualquer meio] de metais preciosos e suas ligas; Comércio [através de qualquer meio] de produtos confeccionados de metais preciosos 
ou folheados",,,,,,,,,,,,,,,,,,
14,Colares [joias e bijuterias],20,Painéis organizadores de joalheria e bijuteria,35,Comércio [através de qualquer meio] de bijuteria,37,Serviços de reparo de joias e bijuterias,36,"Assessoria, consultoria e informação em avaliação de jóias; Avaliação de jóias",,,,,,,,,,,,
14,Correntes [joias e bijuterias],20,Painéis organizadores de joalheria e bijuteria,35,Comércio [através de qualquer meio] de bijuteria,37,Serviços de reparo de joias e bijuterias,36,"Assessoria, consultoria e informação em avaliação de jóias; Avaliação de jóias",,,,,,,,,,,,
14,Diamantes,42,Autenticação de diamantes,,,,,,,,,,,,,,,,,,
14,Pedras preciosas,35,Comércio [através de qualquer meio] de pedras preciosas,,,,,,,,,,,,,,,,,,
14,Pulseiras de relógios,9,Relógios de ponto; Relógios inteligentes,37,Reparos de relógios,35,Comércio [através de qualquer meio] de artigos de relojoaria,,,,,,,,,,,,,,
14,Prendedores de gravatas,21,Prensas para gravatas,25,Gravatas,,,,,,,,,,,,,,,,
14,Relógios [de parede ou de sala],9,Relógios de ponto; Relógios inteligentes,37,Reparos de relógios,35,Comércio [através de qualquer meio] de artigos de relojoaria,,,,,,,,,,,,,,
14,Relógios de uso pessoal,9,Relógios de ponto; Relógios inteligentes,37,Reparos de relógios,35,Comércio [através de qualquer meio] de artigos de relojoaria,,,,,,,,,,,,,,
15,Arcos para instrumentos musicais,9,Controles de interface digital de instrumentos musicais enquanto interfaces de áudio; Unidades de efeitos elétricos e eletrônicos para instrumentos musicais,28,Instrumentos musicais de brinquedo,35,Comércio [através de qualquer meio] de instrumentos musicais,37,Afinação de instrumentos musicais; Restauração de instrumentos musicais,,,,,,,,,,,,
15,Cordas para instrumentos musicais,9,Controles de interface digital de instrumentos musicais enquanto interfaces de áudio; Unidades de efeitos elétricos e eletrônicos para instrumentos musicais,28,Instrumentos musicais de brinquedo,35,Comércio [através de qualquer meio] de instrumentos musicais,37,Afinação de instrumentos musicais; Restauração de instrumentos musicais,,,,,,,,,,,,
15,Estojos para instrumentos musicais,9,Controles de interface digital de instrumentos musicais enquanto interfaces de áudio; Unidades de efeitos elétricos e eletrônicos para instrumentos musicais,28,Instrumentos musicais de brinquedo,35,Comércio [através de qualquer meio] de instrumentos musicais,37,Afinação de instrumentos musicais; Restauração de instrumentos musicais,,,,,,,,,,,,
15,Instrumentos musicais,9,Controles de interface digital de instrumentos musicais enquanto interfaces de áudio; Unidades de efeitos elétricos e eletrônicos para instrumentos musicais,28,Instrumentos musicais de brinquedo,35,Comércio [através de qualquer meio] de instrumentos musicais,37,Afinação de instrumentos musicais; Restauração de instrumentos musicais,,,,,,,,,,,,
15,Instrumentos musicais de corda,9,Controles de interface digital de instrumentos musicais enquanto interfaces de áudio; Unidades de efeitos elétricos e eletrônicos para instrumentos musicais,28,Instrumentos musicais de brinquedo,35,Comércio [através de qualquer meio] de instrumentos musicais,37,Afinação de instrumentos musicais; Restauração de instrumentos musicais,,,,,,,,,,,,
15,Instrumentos musicais eletrônicos,9,Controles de interface digital de instrumentos musicais enquanto interfaces de áudio; Unidades de efeitos elétricos e eletrônicos para instrumentos musicais,28,Instrumentos musicais de brinquedo,35,Comércio [através de qualquer meio] de instrumentos musicais,37,Afinação de instrumentos musicais; Restauração de instrumentos musicais,,,,,,,,,,,,
16,Acessórios para marcar e/ou prender páginas de livros,9,Leitores de livros digitais [e-readers],20,Armários para livros; Porta-livros [móveis],35,Comércio [através de qualquer meio] de livros,41,Aluguel de leitores de livros digitais [e-readers]; Publicação de livros;  Publicação on-line de livros e periódicos eletrônicos,,,,,,,,,,,,
16,Apagadores para quadros,20,Molduras para quadro; Quadros [encaixilhamentos],22,Cordões para pendurar quadros,,,,,,,,,,,,,,,,
16,Artigos de papelaria,35,Comércio [através de qualquer meio] de adesivos para papelaria ou para uso doméstico; - Comércio [através de qualquer meio] de artigos de papelaria,,,,,,,,,,,,,,,,,,
16,Artigos para desenhar,20,Mesas para desenho,42,Desenho artístico,2,"Tintas para escrita, desenho ou impressão condutoras",,,,,,,,,,,,,,
16,Artigos para encadernação,35,Comércio [através de qualquer meio] de artigos para encadernação,37,Reencadernação de livro [serviço de reparação de encadernação],40,Colocação de sobrecapa [serviços de encadernação]; Encadernação,,,,,,,,,,,,,,
16,Artigos para escrever,20,Prateleiras para máquinas de escrever,35,Comércio [através de qualquer meio] de máquinas de escrever,,,,,,,,,,,,,,,,
16,Blocos [papelaria],35,Comércio [através de qualquer meio] de adesivos para papelaria ou para uso doméstico; - Comércio [através de qualquer meio] de artigos de papelaria,,,,,,,,,,,,,,,,,,
16,Blocos para desenho,20,Mesas para desenho,42,Desenho artístico,2,"Tintas para escrita, desenho ou impressão condutoras",,,,,,,,,,,,,,
16,Filtro de papel,21,Coadores de chá [filtros],,,,,,,,,,,,,,,,,,
16,Filtros de papel para café,21,Coadores de chá [filtros],,,,,,,,,,,,,,,,,,
16,Fotografias [impressos],7,Cortadeira para fotografia [máquina],8,Cortador de fotografias [ferramentas manuais],9,Aparelhos para ampliação [fotografia]; Aparelhos para dar brilho às fotografias; Câmaras escuras [fotografia];,35,Comércio [através de qualquer meio] de fotografias,37,Restauração de fotografias impressas,40,Restauração e conservação de fotografias,41,Fotografia,42,Digitalização de fotografias [escaneamento],,,,
16,Lousas para escrever,20,Prateleiras para máquinas de escrever,35,Comércio [através de qualquer meio] de máquinas de escrever,,,,,,,,,,,,,,,,
16,Máquinas para perfurar [material de escritório],9,Máquinas de cartões perfurados para escritórios,35,Aluguel de máquinas e equipamentos de escritório,37,"Instalação, manutenção e reparo de máquinas e equipamentos de escritório",,,,,,,,,,,,,,
16,Revistas [periódicos],20,Porta-revistas,41,"Guias eletrônicos, revistas, jornais e boletins oferecidos ao consumidor online [somente para acesso, sem possibilidade de download]",,,,,,,,,,,,,,,,
16,Tintas *,2,"Tintas para escrita, desenho ou impressão condutoras;  Tintas *",35,"Comércio [através de qualquer meio] de tintas, vernizes, lacas",40,Serviço de mistura de tintas,,,,,,,,,,,,,,
16,"Toalhas de rosto, de papel",24,Toalhas de rosto de matérias têxteis; Toalhas têxteis,,,,,,,,,,,,,,,,,,
18,Alças de malas,20,Armários para malas; Guarda-volumes para malas,35,Comércio [através de qualquer meio] de malas e bolsas de viagem,37,Conserto e reparo de valises e malas,,,,,,,,,,,,,,
18,Baús [bagagem],35,Comércio [através de qualquer meio] de malas e bolsas de viagem,37,Conserto e reparo de valises e malas,,,,,,,,,,,,,,,,
18,Baús para viagem,35,Comércio [através de qualquer meio] de malas e bolsas de viagem,37,Conserto e reparo de valises e malas,,,,,,,,,,,,,,,,
18,Bolsas,35,Comércio [através de qualquer meio] de malas e bolsas de viagem,37,Conserto e reparo de valises e malas,,,,,,,,,,,,,,,,
18,Conjuntos de viagem [artigos de couro],35,Comércio [através de qualquer meio] de malas e bolsas de viagem,37,Conserto e reparo de valises e malas,,,,,,,,,,,,,,,,
19,Arenito para construção,6,Ferragens para construção,35,Comércio [através de qualquer meio] de materiais de construção metálicos; Comércio [através de qualquer meio] de materiais de construção não metálicos,37,"Assessoria, consultoria e informação em aluguel de equipamentos para construção",,,,,,,,,,,,,,
19,Argamassa,6,Ferragens para construção,35,Comércio [através de qualquer meio] de materiais de construção metálicos; Comércio [através de qualquer meio] de materiais de construção não metálicos,37,"Assessoria, consultoria e informação em aluguel de equipamentos para construção",,,,,,,,,,,,,,
19,Cimento,6,Ferragens para construção,35,Comércio [através de qualquer meio] de materiais de construção metálicos; Comércio [através de qualquer meio] de materiais de construção não metálicos,37,"Assessoria, consultoria e informação em aluguel de equipamentos para construção",,,,,,,,,,,,,,
19,Estruturas não metálicas para construção,37,Montagem de estruturas metálicas para eventos,,,,,,,,,,,,,,,,,,
19,Gesso *,6,Ferragens para construção,35,Comércio [através de qualquer meio] de materiais de construção metálicos; Comércio [através de qualquer meio] de materiais de construção não metálicos,37,"Assessoria, consultoria e informação em aluguel de equipamentos para construção",,,,,,,,,,,,,,
19,Granito,6,Ferragens para construção,35,Comércio [através de qualquer meio] de materiais de construção metálicos; Comércio [através de qualquer meio] de materiais de construção não metálicos,37,"Assessoria, consultoria e informação em aluguel de equipamentos para construção",,,,,,,,,,,,,,
19,Madeira para construção,20,Divisórias de madeira para móveis,22,Serragem de madeira,31,Madeira bruta descascada; Madeira bruta não serrada; Madeira bruta sem casca,35,Comércio [através de qualquer meio] de madeira semiprocessada,37,Serviços de marcenaria [reparo de trabalhos em madeira],40,Derrubada e processamento de madeira; - Serviços de marcenaria [fabricação personalizada de peças em madeira],,,,,,,,
19,Mármore,16,Pentes para marmorear,,,,,,,,,,,,,,,,,,
19,Pedra,7,Máquina para lapidação de pedra; Máquinas para trabalhar pedras,8,Martelos de pedra,14,Pedras preciosas e semipreciosas,35,Comércio [através de qualquer meio] de pedras preciosas,37,Colocação de piso e pedra; Extração de pedras [pedreira],40,Lapidação de pedra,,,,,,,,
19,Reservatórios de alvenaria,37,Construção e reparação em colocação de alvenaria; Serviços de alvenaria,,,,,,,,,,,,,,,,,,
19,Revestimentos [materiais de construção],2,Revestimentos [tintas],6,Revestimentos de parede em placas metálicas para construção;  Revestimentos metálicos de parede para construção,9,Revestimentos para cabos elétricos,27,Revestimentos de vinil para assoalho; Revestimentos têxteis para paredes,35,Comércio [através de qualquer meio] de revestimentos de assoalhos,37,"Assessoria, consultoria e informação em serviços de revestimentos",,,,,,,,
19,Tijolos,37,Assentamento de tijolos,,,,,,,,,,,,,,,,,,
19,"Vidraças, exceto vidros para janelas de automóvei",21,Vidros [matérias-primas],40,Coloração de vidros de janelas por meio de revestimento da superfície,,,,,,,,,,,,,,,,
19,Venezianas não metálicas,6,Gelosias [venezianas] de metal; Venezianas de aço;  Venezianas de metal,,,,,,,,,,,,,,,,,,
20,Almofadas,10,"Almofadas aquecidas eletricamente, para uso medicinal; Almofadas térmicas para primeiros socorros",11,"Almofadas aquecidas eletricamente, exceto para uso medicinal",24,Capas para almofadas,28,Almofadas de proteção [partes de vestimentas desportivas],,,,,,,,,,,,
20,Armários,21,Espanadores de móveis,24,"Capas [soltas] para móveis; Capas de plástico para móveis; Capas para móveis, de tecido",35,Comércio [através de qualquer meio] de móveis,37,"Assessoria, consultoria e informação em restauração de móveis; Estofamento de móveis",39,Guarda-móveis [estabelecimento para depósito de móveis]; Transporte de móveis,43,Aluguel de móveis,,,,,,,,
20,Bancos [móveis],21,Espanadores de móveis,24,"Capas [soltas] para móveis; Capas de plástico para móveis; Capas para móveis, de tecido",35,Comércio [através de qualquer meio] de móveis,37,"Assessoria, consultoria e informação em restauração de móveis; Estofamento de móveis",39,Guarda-móveis [estabelecimento para depósito de móveis]; Transporte de móveis,43,Aluguel de móveis,,,,,,,,
20,Camas*,21,Espanadores de móveis,24,"Capas [soltas] para móveis; Capas de plástico para móveis; Capas para móveis, de tecido",35,Comércio [através de qualquer meio] de móveis,37,"Assessoria, consultoria e informação em restauração de móveis; Estofamento de móveis",39,Guarda-móveis [estabelecimento para depósito de móveis]; Transporte de móveis,43,Aluguel de móveis,,,,,,,,
20,Capas para vestuário [guarda-roupa],6,Cabides de metal para vestuário,21,Esticadores de vestuário,,,,,,,,,,,,,,,,
20,Colchões *,10,Colchões de ar para uso medicinal; Colchões para parto,24,Capas para colchões; Protetores de colchões,,,,,,,,,,,,,,,,
20,Espelhos,9,Espelhos ópticos; Espelhos para cirurgiões; Espelhos para dentistas,12,Espelhos retrovisores,35,Comércio [através de qualquer meio] de espelhos,,,,,,,,,,,,,,
20,Mesas *,21,Espanadores de móveis,24,"Capas [soltas] para móveis; Capas de plástico para móveis; Capas para móveis, de tecido",35,Comércio [através de qualquer meio] de móveis,37,"Assessoria, consultoria e informação em restauração de móveis; Estofamento de móveis",39,Guarda-móveis [estabelecimento para depósito de móveis]; Transporte de móveis,43,Aluguel de móveis,,,,,,,,
20,Porta-revistas,16,Revistas [periódicos],41,"Guias eletrônicos, revistas, jornais e boletins oferecidos ao consumidor online [somente para acesso, sem possibilidade de download]; Aluguel de leitores de livros digitais [e-readers]",,,,,,,,,,,,,,,,
20,Porta-livros [móveis],9,Leitores de livros digitais [e-readers],16,Acessórios para marcar e/ou prender páginas de livros; Capas de proteção para livros; Livros,35,Comércio [através de qualquer meio] de livros,,,,,,,,,,,,,,
20,Sofás,21,Espanadores de móveis,24,"Capas [soltas] para móveis; Capas de plástico para móveis; Capas para móveis, de tecido",35,Comércio [através de qualquer meio] de móveis,37,"Assessoria, consultoria e informação em restauração de móveis; Estofamento de móveis",39,Guarda-móveis [estabelecimento para depósito de móveis]; Transporte de móveis,43,Aluguel de móveis,,,,,,,,
20,Travesseiros,10,Travesseiros de ar para uso medicinal; Travesseiros soporíferos contra insônia,24,Fronhas de travesseiros,,,,,,,,,,,,,,,,
21,Açucareiros,35,Comércio [através de qualquer meio] de utensílios e recipientes para a casa ou a cozinha,,,,,,,,,,,,,,,,,,
21,"Abridores de garrafas, elétricos e não elétricos",35,Comércio [através de qualquer meio] de utensílios e recipientes para a casa ou a cozinha,,,,,,,,,,,,,,,,,,
21,Bacias [recipientes],35,Comércio [através de qualquer meio] de utensílios e recipientes para a casa ou a cozinha,,,,,,,,,,,,,,,,,,
21,Bacias [tigelas],35,Comércio [através de qualquer meio] de utensílios e recipientes para a casa ou a cozinha,,,,,,,,,,,,,,,,,,
21,Baldes,35,Comércio [através de qualquer meio] de utensílios e recipientes para a casa ou a cozinha; Comércio [através de qualquer meio] de material de limpeza,7,Aparelhos para lavagem [limpeza],37,Aluguel de equipamentos de limpeza,,,,,,,,,,,,,,
21,Batedeiras [coqueteleiras],35,Comércio [através de qualquer meio] de utensílios e recipientes para a casa ou a cozinha,,,,,,,,,,,,,,,,,,
21,Cafeteiras não elétricas,35,Comércio [através de qualquer meio] de utensílios e recipientes para a casa ou a cozinha,,,,,,,,,,,,,,,,,,
21,Esfregões,35,Comércio [através de qualquer meio] de utensílios e recipientes para a casa ou a cozinha; Comércio [através de qualquer meio] de material de limpeza,7,Aparelhos para lavagem [limpeza],37,Aluguel de equipamentos de limpeza,,,,,,,,,,,,,,
21,Utensílios de uso doméstico,3,Produtos alvejantes [descolorantes] para uso doméstico,5,Desinfetante para uso doméstico,7,"Batedores elétricos, para uso doméstico",35,Comércio [através de qualquer meio] de adesivos para papelaria ou para uso doméstico,37,"Assessoria, consultoria e informação em reparo e manutenção de utensílios domésticos",,,,,,,,,,
21,Utensílios para cosméticos,3,Cosméticos,18,"Bolsa para cosméticos [vazia]; Estojos de cosméticos [frasqueiras], vazios",35,Comércio [através de qualquer meio] de cosméticos,,,,,,,,,,,,,,
21,Utensílios para cozinha,7,Máquinas de cozinha elétricas,8,"Colheres, garfos, escumadeiras, conchas [utensílios de cozinha], parte de faqueiro",11,"Fogões de cozinha; Utensílios para cozinhar, elétricos",35,Comércio [através de qualquer meio] de utensílios e recipientes para a casa ou a cozinha,37,Instalação de equipamentos de cozinha,,,,,,,,,,
22,Cordas *,6,Cordas de metal,7,Máquinas para fazer cordas,15,Balalaicas [instrumentos de cordas],17,Cordas de borracha,35,Comércio [através de qualquer meio] de cordas e fios,,,,,,,,,,
22,Fibras têxteis,1,Substâncias químicas para avivar têxteis,24,Faixas têxteis; Forros [têxteis]; Lençóis [têxteis]; Materiais têxteis,27,Revestimentos têxteis para paredes,35,Comércio [através de qualquer meio] de matérias têxteis fibrosas em bruto,40,Aplicação de aviamentos em têxteis; Tingimento de têxteis; Tratamento de têxteis,42,Teste de têxteis,,,,,,,,
22,"Laços [redes, entrelaçamentos]",16,"Laços de papel, exceto artigos de armarinho ou laços para cabelo",35,Comércio [através de qualquer meio] de fitas e laços,,,,,,,,,,,,,,,,
22,Redes de pesca,6,Cabo de aço para lançar rede de pesca [arrastão],7,Aparelhos para içamento de redes [pesca],12,Carrinhos de pesca,20,Cestos de pesca [samburás],25,Coletes para pesca,28,Apetrechos de pesca,31,"Isca natural para pesca, viva ou não",44,Serviços de pesca/ captura de pescado,,,,
22,Toldos*,12,Toldos para carrinhos para bebês,35,Comércio [através de qualquer meio] de toldos,,,,,,,,,,,,,,,,
22,Velas para windsurfe,28,Arreios para windsurfe,,,,,,,,,,,,,,,,,,
23,Fios *,35,Comércio [através de qualquer meio] de fios e fibras para uso têxtil,,,,,,,,,,,,,,,,,,
24,Cobertas de cama,35,"Comércio [através de qualquer meio] de artigos de cama, mesa e banho",,,,,,,,,,,,,,,,,,
24,Fronhas de travesseiros,35,"Comércio [através de qualquer meio] de artigos de cama, mesa e banho",,,,,,,,,,,,,,,,,,
24,"Roupa de banho, exceto vestuário",35,"Comércio [através de qualquer meio] de artigos de cama, mesa e banho",,,,,,,,,,,,,,,,,,
24,"Roupa de cama, mesa e banho",35,"Comércio [através de qualquer meio] de artigos de cama, mesa e banho",,,,,,,,,,,,,,,,,,
24,Tecidos *,35,Comércio [através de qualquer meio] de tecidos,40,Branqueamento de tecidos; Corte de tecidos,,,,,,,,,,,,,,,,
25,Vestuário,6,Cabides de metal para vestuário,9,Vestuário à prova de balas; Vestuário especial para uso em laboratório;  Vestuário para motociclistas para proteção contra acidentes ou ferimentos,20,Cabides para vestuário,26,Enfeites para vestuário,35,Comércio [através de qualquer meio] de artigos do vestuário,40,Confecção de artigo do vestuário sob encomenda,,,,,,,,
26,Agulhas *,7,Agulhas para máquinas cardadoras de lã;  Agulhas para máquinas de costura; - Agulhas para máquinas para tricotar,8,Agulhas para tatuagens; Limas para agulhas,10,Agulhas de acupuntura; Agulhas para sutura; Agulhas para uso medicinal,28,Agulhas de bombas de ar para encher bolas de jogos,35,Comércio [através de qualquer meio] de alfinetes e agulhas [artigos de armarinho],,,,,,,,,,
26,Agulhas de costura,7,Agulhas para máquinas de costura,23,Fios para costura [linhas],40,Ateliê de costura,,,,,,,,,,,,,,
26,Fitas para cabelo,35,Comércio [através de qualquer meio] de fitas e laços,,,,,,,,,,,,,,,,,,
27,Carpetes,35,Comércio [através de qualquer meio] de carpetes e tapetes,11,Carpete aquecido eletricamente,19,Carpete de madeira,22,Corda para carpete,,,,,,,,,,,,
27,Esteiras *,35,Comércio [através de qualquer meio] de capachos e esteiras,7,Esteira de transporte; Esteiras rolantes,,,,,,,,,,,,,,,,
27,Grama artificial,44,Jardinagem; Jardinagem paisagística,,,,,,,,,,,,,,,,,,
27,Papel de parede,1,Cola para papel de parede;  Preparações para remover papel de parede,3,Preparações para limpeza de papel de parede,37,Colocação de papel de parede,,,,,,,,,,,,,,
27,Tapetes,5,Tapetes higiênicos descartáveis para animais de estimação,7,Máquinas e aparelhos elétricos para lavagem de tapetes,11,Tapetes aquecidos eletricamente,17,Tapetes de borracha antiderrapantes,20,Tapetes de dormir de bambu ou palha; Tapetes para cercadinhos infantis,35,Comércio [através de qualquer meio] de carpetes e tapetes,,,,,,,,
28,Aparelhos para exercícios físicos,10,Aparelhos para exercícios físicos para uso medicinal,41,Serviços de academia de ginástica [treinamento físico e para a saúde]; Serviços de personal trainer [preparo físico],,,,,,,,,,,,,,,,
28,Aparelhos para musculação,10,Aparelhos para exercícios físicos para uso medicinal,41,Serviços de academia de ginástica [treinamento físico e para a saúde]; Serviços de personal trainer [preparo físico],,,,,,,,,,,,,,,,
28,Bonecos,16,Bonecos para fins didáticos [material didáticos],9,Bonecos para teste de colisão,10,Bonecos eróticos,,,,,,,,,,,,,,
28,Brinquedos*,10,Brinquedos sexuais,20,Baú para brinquedos,35,Comércio [através de qualquer meio] de jogos e brinquedos,37,Conserto e manutenção de brinquedos,41,Aluguel de brinquedos,,,,,,,,,,
29,Carne,1,Preparações químicas para defumar carne; Produtos amaciadores de carne para uso industrial,7,"Moedor elétrico de carne; Picadores de carne, elétricos",8,Facas moedoras de carne,20,Cepo para cortar carne; Tábuas de carne [mesas de açougue],21,"Moedores de carne, não elétricos",30,Amaciantes de carne para fins culinários,31,Carne para animal [alimento para animais],35,Comércio [através de qualquer meio] de produtos alimentícios [carnes vermelhas],,,,
29,Filé de peixe,1,Fertilizante de farinha de peixe,4,Óleo de peixe para uso industrial,5,Farinha de peixe para uso farmacêutico,20,Escama de peixe em bruto,31,Farinha de peixe para consumo animal; Peixes vivos,35,Comércio [através de qualquer meio] de produtos alimentícios [peixes],,,,,,,,
29,Frutas em conserva,1,Ácido para conservação de fruta ou legume,4,Produtos para dar brilho a frutas,5,Alimento para bebê à base de frutas,7,"Espremedores de frutas elétricos para uso doméstico; Máquinas raladoras de frutas, legumes e verduras",8,Cortadores de frutas em fatias,11,Torrefadores de frutas,21,"Espremedores de frutas não elétricos, para uso doméstico",30,Confeitaria à base de frutas,31,"Frutas frescas; Frutas, verduras e legumes frescos",35," Comércio [através de qualquer meio] de produtos alimentícios [frutas, verduras e legumes]"
29,"Frutas, legumes e verduras cozidos",5,Alimento para bebê à base de legumes ou verduras,7,"Cortadores de legumes em espirais, elétricos",8,"Cortadores de legumes em espirais, operados manualmente",21,"Travessas para frutas, legumes e verduras",31,"Frutas, verduras e legumes frescos",35," Comércio [através de qualquer meio] de produtos alimentícios [frutas, verduras e legumes",,,,,,,,
29,"Frutas, legumes e verduras em conserva",5,Alimento para bebê à base de legumes ou verduras,7,"Fatiadores de verduras e legumes, elétricos",8,Facas para cortar verduras e legumes,21,"Travessas para frutas, legumes e verduras",31,"Frutas, verduras e legumes frescos",35,"Comércio [através de qualquer meio] de produtos alimentícios [frutas, verduras e legumes]",,,,,,,,
29,Iogurte,11,Aparelhos elétricos para fazer iogurte,30,Frozen yogurt [sorvete à base de iogurte]; ogurte congelado [sorvete à base de iogurte]; Iogurte gelado [sorvete à base de iogurte],,,,,,,,,,,,,,,,
29,Laticínios,7,Máquinas para laticínios,35,Comércio [através de qualquer meio] de produtos alimentícios [laticínios]; Padaria [comércio de laticínios; sem vistas ao consumo no local],,,,,,,,,,,,,,,,
29,Legumes e verduras processados,5,Alimento para bebê à base de legumes ou verduras,7,"Fatiadores de verduras e legumes, elétricos",8,Facas para cortar verduras e legumes,21,"Travessas para frutas, legumes e verduras",31,"Frutas, verduras e legumes frescos",35,"Comércio [através de qualquer meio] de produtos alimentícios [frutas, verduras e legumes]",,,,,,,,
29,Leite,1,Leite fermentado para a indústria de alimentos; Leite fermentado para uso industrial,5,Bebidas de leite maltado para uso medicinal; Leite artificial para bebês; Leite em pó para bebês,7,Separadores nata/leite,10,Bombas para tirar leite,11,Instalações para resfriamento de leite,21,Leiteira,30,Leite de soja [condimento],44,Serviços de coleta de leite [ordenha],,,,
29,Ovos *,7,Incubadoras para ovos,8,"Fatiadores de ovos, não elétricos",31,"Ovos para chocar, fertilizados",35,Comércio [através de qualquer meio] de produtos alimentícios [aves e ovos],44,Serviços de incubadora de ovos,,,,,,,,,,
29,Queijos,7,"Fatiadores de queijo, elétricos",8,"Fatiadores de queijo, não elétricos",40,"Serviços de processamento de queijos na forma de amadurecimento, maturação e envelhecimento do queijo",,,,,,,,,,,,,,
30,Café,3,Pastilhas de limpeza para máquinas de café,7,"Moedores de café, exceto os operados manualmente",11,"Cafeteiras, elétricas",16,Filtros de papel para café,21,Cafeteiras não elétricas,35,Padaria [comércio de café moído; sem vistas ao consumo no local],43,Cyber café [fornecimento de comida e bebida]; Serviços de cafeteria,,,,,,
30,Pão,35,"Padaria [comércio de pães, sem vistas ao consumo no local]",43,Padaria [fornecimento de comidas e bebidas para consumo imediato],11,Fornos de padarias,,,,,,,,,,,,,,
30,Confeito,21,Decoradores e bicos para decorar e confeitar bolos; Sacos de confeitar,,,,,,,,,,,,,,,,,,
30,Chocolate,11,"Fontes de chocolate, elétricas",29,Brigadeiro [sobremesa à base de leite condensado com chocolate],35,Comércio [através de qualquer meio] de produtos alimentícios [chocolates],,,,,,,,,,,,,,
30,Sorvete,11,Máquinas de fazer sorvete; Recipientes elétricos para fazer gelados e sorvetes,21,"Colheres para sorvete; Recipientes para fazer gelados e sorvetes, não elétricos",32,Bebidas à base de sorvetes,35,Comércio [através de qualquer meio] de produtos alimentícios [sorvetes],,,,,,,,,,,,
30,Açucar,5,Açúcar para uso medicinal,7,Máquinas para a produção de açúcar,21,Açucareiros,,,,,,,,,,,,,,
30,Condimentos,21,Conjuntos de porta-condimentos,,,,,,,,,,,,,,,,,,
30,Gelo,1,Gelo seco [dióxido de carbono],6,Fôrmas de metal para gelo,8,Picadores de gelo,11,Aparelho para fazer gelo de uso doméstico; Aparelhos e máquinas de gelo,21,Baldes para gelo,35,Comércio [através de qualquer meio] de gelo,39,Quebra-gelo,,,,,,
31,Animais de criação,2,Tintas para marcar animais,5,Produtos para lavar animais [inseticidas],31,Preparações para engorda de animais de criação,35,Comércio [através de qualquer meio] de animais vivos,40,Abate de animais,41,Adestramento de animais,44,Criação de animais,,,,,,
31,Animais vivos,35,Comércio [através de qualquer meio] de animais vivos,,,,,,,,,,,,,,,,,,
31,Árvores de natal*,28,Campainha para árvore de natal [sino],,,,,,,,,,,,,,,,,,
31,Cevada *,30,Cevada descascada; Cevada moída; Farinha de cevada,32,Vinho de cevada [cerveja],,,,,,,,,,,,,,,,
31,Flores naturais,21,Vasos para flores,35,Comércio [através de qualquer meio] de plantas e flores naturais,,,,,,,,,,,,,,,,
32,Águas [bebidas],1,Água para uso industrial,7,Aparelhos para gaseificar água,11,Instalação para abastecimento de água; Instalações de resfriamento para água,21,Garrafas para água,35,Comércio [através de qualquer meio] de água mineral engarrafada; comercialização de água bruta,39,"Abastecimento de água, captação e fornecimento de água tratada; Distribuição de água; Fornecimento de água",40,Tratamento de água,42,Análise da água; Projeto de distribuição de água,,,,
32,Bebidas alcoólicas,33,Bebidas alcoólicas contendo frutas,35,Comércio [através de qualquer meio] de bebidas alcoólicas,,,,,,,,,,,,,,,,
32,Bebidas não alcoólicas,5,Bebidas medicinais,11,Aparelhos aquecedores e resfriadores para distribuição de bebidas quentes e frias; Aparelhos resfriadores de bebidas,21,Canudos para bebidas,30,Bebidas à base de cacau,35,Comércio [através de qualquer meio] de bebidas não alcoólicas,,,,,,,,,,
32,Cerveja,2,Corantes para cerveja,5,Suplementos alimentares de levedura de cerveja,7,Aparelhos para tirar cerveja sob pressão; Máquinas de cervejaria,11,"Máquinas para fazer cerveja, elétricas, para fins domésticos",21,Canecas para cerveja,30,Levedura para fazer cerveja,40,Produção de cervejas para terceiros,,,,,,
32,Suco de fruta,35, Comércio [através de qualquer meio] de produtos alimentícios [sucos],,,,,,,,,,,,,,,,,,
34,Cigarros,5,"Cigarros sem tabaco, para uso medicinal",7,Máquinas de cigarros para uso industria,9,Carregadores para cigarros eletrônicos,12,Acendedores de cigarro para automóveis,,,,,,,,,,,,
35,Administração de negócios de esportistas,41,"Locação de espaços para prática de exporte, Organização de competições desportivas, Organização e realização de eventos esportivos",,,,,,,,,,,,,,,,,,
35,Administração de negócios de programas de reembolso para terceiros,36,Gestão financeira de pagamento de reembolsos para terceiros,39,"Reembolso postal [sistema de vendas em que a mercadoria chega à mão do comprador pelo correio, por intermédio do qual é feito o pagamento]",,,,,,,,,,,,,,,,
35,Administração de programas de milhas de viagens,36,Emissão de cheques de viagem,43,"Assessoria, consultoria e informação em viagens [alojamento e reservas]",,,,,,,,,,,,,,,,
35,Administração de programas de viajantes frequentes,36,Cobertura de seguro médico para viajante [seguro-saúde],43,Aluguel de acomodação em viagens; Aluguel de acomodações temporária,,,,,,,,,,,,,,,,
35,Agenciamento de artistas,35,Comércio [através de qualquer meio] de materiais para artistas,41,,,,,,,,,,,,,,,,,
35,Agências de modelos para publicidade ou promoção de vendas,41,Agência de modelos para artistas [modelos vivos],,,,,,,,,,,,,,,,,,
35,Aluguel de equipamento de escritório em espaços de co-working,36,"Aluguel de escritórios [imóveis], Aluguel de escritórios para co-working",37,"Instalação, manutenção e reparo de máquinas e equipamentos de escritório; Aluguel de móveis de escritório",,,,,,,,,,,,,,,,
35,Aluguel de máquinas de autosserviço,37,"Automação industrial [instalação e manutenção de máquinas], Instalação, manutenção e reparo de máquinas",,,,,,,,,,,,,,,,,,
35,Aluguel de máquinas automáticas de venda,37,"Automação industrial [instalação e manutenção de máquinas], Instalação, manutenção e reparo de máquinas",,,,,,,,,,,,,,,,,,
35,Aluguel de máquinas de autosserviço,37,"37 Automação industrial [instalação e manutenção de máquinas], Instalação, manutenção e reparo de máquinas",,,,,,,,,,,,,,,,,,
35,Aluguel de máquinas e equipamentos de escritório,36,"Aluguel de escritórios [imóveis], Aluguel de escritórios para co-working",37,"Instalação, manutenção e reparo de máquinas e equipamentos de escritório; Aluguel de móveis de escritório",,,,,,,,,,,,,,,,
35,Análise de custo,36,"Avaliação financeira de custos de desenvolvimento relacionados com as indústrias de óleo, gás e mineração, Elaboração de cotações para fins de estimativa de custos",,,,,,,,,,,,,,,,,,
35,Assistência administrativa para responder a licitações,36,"Avaliações financeiras para responder a licitações,",45,Aconselhamento jurídico para responder a licitações,,,,,,,,,,,,,,,,
35,Assistência administrativa para responder a solicitações de propostas [RFP] de prestação de serviços,36,Avaliações financeiras para responder a solicitações de propostas [rfp] de prestação de serviços,45,Aconselhamento jurídico para responder a licitaçõesAconselhamento jurídico para responder a solicitações de propostas [rfp] de prestação de serviços,,,,,,,,,,,,,,,,
35,Atualização de material publicitário,42,Serviços de criação em artes gráficas,,,,,,,,,,,,,,,,,,
35,Atualização e manutenção de dados em bancos de dados de computadores,38,"Fornecimento de mecanismos de busca para a obtenção, manutenção e distribuição de dados a partir de um banco de dados localizado em uma rede mundial de computadores [provimento de acesso a um website], Provimento de acesso a banco de dados",37,"Consultoria de tecnologia da informação relacionada a instalação, manutenção e reparo de hardware de computadores; Instalação, manutenção e reparo de computadores; ",42,"Suporte técnico em informática, a saber instalação, manutenção e configuração de banco de dados;  Serviços de desenvolvimento de banco de dados [informática]; Fornecimento de mecanismos de busca para a obtenção, manutenção e distribuição de 
dados a partir de um banco de dados localizado em uma rede mundial de computadores 
[desenvolvimento de um software/website para terceiros]; ",,,,,,,,,,,,,,
35,Auditoria contábil e financeira,36,Administração financeira; Análise financeira; Assessoria financeira,,,,,,,,,,,,,,,,,,
35,Avaliações de negócios,36,"Assessoria, consultoria e informação em avaliação imobiliária, Assessoria, consultoria e informações sobre atuaria [avaliação e administração de riscos], Avaliação financeira [seguros, bancos, imóveis], - Avaliação financeira de ativos de propriedade intelectual, Orçamento [avaliação financeira], - Assessoria técnica, consultoria e informação na avaliação de dano em veículo e outros bens móveis",,,,,,,,,,,,,,,,,,
35,Busca de dados em arquivos de computador para terceiros,42,"Armazenamento eletrônico de dados, Assessoria, consultoria e informações no campo da manutenção da segurança e integridade de banco de dados [serviço de informática], Consultoria em segurança de dados",,,,,,,,,,,,,,,,,,
35,Captação de patrocínio,36,Patrocínio financeiro,,,,,,,,,,,,,,,,,,
35,Comerciais de rádio,38,Comunicação por rádio,41,"Produção de programas de rádio e televisão, Programas de entretenimento de rádio",,,,,,,,,,,,,,,,
35,Comerciais de televisão,41,"gendamento de programas de rádio e televisão; Aluguel de aparelhos de rádio e televisão; Fornecimento de programas de televisão, não baixáveis, através de serviços de video 
sob demanda; Produção de programas de rádio e televisão; Programas de entretenimento de televisão",,,,,,,,,,,,,,,,,,
35,Comércio de produtos de panificação,40,Fabricação de pães sob encomenda,,,,,,,,,,,,,,,,,,
35,"Comércio, no atacado, de preparações sanitárias, farmacêuticas e veterinárias e de suprimentos médicos",44,Preparação de receitas por farmacêuticos,,,,,,,,,,,,,,,,,,
35,"Comércio, no varejo, de obras de artes fornecidas por galerias de arte",36,"- Assessoria, consultoria e informação em avaliação de obras de arte, Avaliação de arte,",37,"Conservação de obras de arte, Restauração de obras de arte,",40,Molduragem de obras de arte,41,"Aluguel de obras de arte,",42,,,,,,,,,,,
35,"Comércio, no varejo, de preparações sanitárias, farmacêuticas e veterinárias e de suprimentos médicos",44,Preparação de receitas por farmacêuticos,,,,,,,,Autenticação de obras de arte,,,,,,,,,,
35,"Comércio on-line, no varejo, de filmes e músicas pré-gravados e para download",41,Distribuição de filmes,,,,,,,,,,,,,,,,,,
35,"Comércio on-line, no varejo, de música digital baixável",41,"Provimento de música on-line, não baixável",,,,,,,,,,,,,,,,,,
35,Compilação de informação em bancos de dados de computador,38,"Fornecimento de mecanismos de busca para a obtenção, manutenção e distribuição de dados a partir de um banco de dados localizado em uma rede mundial de computadores [provimento de acesso a um website], Provimento de acesso a banco de dados",37,"Consultoria de tecnologia da informação relacionada a instalação, manutenção e reparo de hardware de computadores; Instalação, manutenção e reparo de computadores; ",42,"Suporte técnico em informática, a saber instalação, manutenção e configuração de banco de dados;  Serviços de desenvolvimento de banco de dados [informática]; Fornecimento de mecanismos de busca para a obtenção, manutenção e distribuição de 
dados a partir de um banco de dados localizado em uma rede mundial de computadores 
[desenvolvimento de um software/website para terceiros]; ",,,,,,,,,,,,,,
35,Contabilidade,36,Assessoria financeira relacionada a impostos,,,,,,,,,,,,,,,,,,
35,Decoração de vitrines,42,Projeto de decoração,,,,,,,,,,,,,,,,,,
35,Digitação,42,Digitalização,,,,,,,,,,,,,,,,,,
35,Gestão administrativa de hotéis,43,"Reservas em hotéis;  Serviços de agências de acomodações [hotéis, pensões]",,,,,,,,,,,,,,,,,,
35,Negociação de contratos de negócios para terceiros,45,"Serviços de arbitragem, mediação, Serviços jurídicos relativos à negociação de contratos para terceiros",,,,,,,,,,,,,,,,,,
35,Organização de eventos de moda para fins promocionais,41,Organização de desfiles de moda para fins de entretenimento; Desfile de moda somente para entretenimento,42,Desenhista de moda,,,,,,,,,,,,,,,,
35,Organização de exposições para fins comerciais ou publicitários,37,Montagem de estandes de feira de exposições e lojas,41,"Aluguel de espaços para exposições, conferências e espetáculos; Organização de exposições para fins culturais ou educativos",,,,,,,,,,,,,,,,
35,Organização de feiras comerciais,41,"Aluguel de espaços para exposições, conferências e espetáculos; ",,,,,,,,,,,,,,,,,,
35,Processamento de texto,41,Redação de textos*,,,,,,,,,,,,,,,,,,
35,Produção de filmes publicitários,41,Distribuição de filmes,,,,,,,,,,,,,,,,,,
35,Promoção de bens e serviços através de patrocínio de eventos esportivos,41,Organização e realização de eventos esportivos,,,,,,,,,,,,,,,,,,
35,Publicação de textos publicitários,41,Redação de textos*,,,,,,,,,,,,,,,,,,
35,Publicidade de rádio,38,Comunicação por rádio,41,"Produção de programas de rádio e televisão, Programas de entretenimento de rádio",,,,,,,,,,,,,,,,
35,Publicidade de televisão,38,"Transmissão de filmes de televisão via cabo, satélite, rede de telecomunicação,",41,"Produção de programas de rádio e televisão, Programas de entretenimento de televisão",,,,,,,,,,,,,,,,
35,Redação de roteiros para fins publicitários,41,Elaboração de roteiros [roteirização],,,,,,,,,,,,,,,,,,
35,Redação de textos publicitários ,41,Redação de textos*,,,,,,,,,,,,,,,,,,
35,Serviços administrativos para encaminhamentos médicos,44,"Assessoria, consultoria e informação sobre cuidados médicos; Serviços de centros médicos; Exames médicos",,,,,,,,,,,,,,,,,,
35,Serviços de gestão de negócios para projetos de construção,36,Captação de financiamento para projetos de construção,,,,,,,,,,,,,,,,,,
35,Serviços de layout para fins publicitários,42,"Assessoria, consultoria e informações sobre artes gráficas, Assessoria, consultoria e informações sobre artes gráficas",,,,,,,,,,,,,,,,,,
35,Serviços de registro de listas de presentes,36,Emissão de cartões- presentes,39,Embalagem de presentes,,,,,,,,,,,,,,,,
35,Sistematização de informações em bancos de dados de computador,38,"Fornecimento de mecanismos de busca para a obtenção, manutenção e distribuição de dados a partir de um banco de dados localizado em uma rede mundial de computadores [provimento de acesso a um website], Provimento de acesso a banco de dados",37,"Consultoria de tecnologia da informação relacionada a instalação, manutenção e reparo de hardware de computadores; Instalação, manutenção e reparo de computadores; ",42,"Suporte técnico em informática, a saber instalação, manutenção e configuração de banco de dados;  Serviços de desenvolvimento de banco de dados [informática]; Fornecimento de mecanismos de busca para a obtenção, manutenção e distribuição de 
dados a partir de um banco de dados localizado em uma rede mundial de computadores 
[desenvolvimento de um software/website para terceiros]; ",,,,,,,,,,,,,,
35,"Testes psicológicos, para seleção de pessoal",44,Orientação psicológica; Serviços de psicólogos,,,,,,,,,,,,,,,,,,
35,Venda de assinaturas de serviços de telecomunicações para terceiros,38,"Assessoria, consultoria e informação em telecomunicações; ",42,Consultoria em tecnologia das telecomunicações,,,,,,,,,,,,,,,,
35,Vendas de assinaturas de jornal [para terceiros],38,Agência de notícias/jornalismo [transmissão/difusão de informações],41,"Agência de notícias/jornalismo [elaboração de reportagens fotográficas ou não], Jornalismo [reportagens]",,,,,,,,,,,,,,,,
36,Administração financeira,35,,,,,,,,,,,,,,,,,,,
36,Administração predial,42,"Assessoria, consultoria e informações sobre construção de estrutura predial [engenharia]",,,,,,,,,,,,,,,,,,
36,Aluguel de apartamentos,43,Aluguel de acomodações temporárias,,,,,,,,,,,,,,,,,,
36,Aluguel de escritórios [imóveis],35,"- Aluguel de equipamento de escritório em espaços de co-working,",37,"Instalação, manutenção e reparo de máquinas e equipamentos de escritório",,,,,,,,,,,,,,,,
36,Aluguel de escritórios para co-working,35,Aluguel de equipamento de escritório em espaços de co-working,37,"Instalação, manutenção e reparo de máquinas e equipamentos de escritório",,,,,,,,,,,,,,,,
36,Análise financeira,35,,,,,,,,,,,,,,,,,,,
36,Avaliação financeira de ativos de propriedade intelectual,35,"Assessoria, consultoria e informação sobre gestão de negócios no campo da propriedade intelectual",45,"Assessoria, consultoria e informação em propriedade intelectual [serviços jurídicos]",,,,,,,,,,,,,,,,
36,"Avaliação financeira [seguros, bancos, imóveis]",35,avaliação de negócios,,,,,,,,,,,,,,,,,,
36,"Avaliação financeira de custos de desenvolvimento relacionados com as indústrias de óleo, gás e mineração",35,Análise de custo,,,,,,,,,,,,,,,,,,
36,Avaliação imobiliária,35,avaliação de negócios,,,,,,,,,,,,,,,,,,
36,Avaliações financeiras para responder a licitações,35,Assistência administrativa para responder a licitações,45,Aconselhamento jurídico para responder a licitações,,,,,,,,,,,,,,,,
36,Avaliações financeiras para responder a solicitações de propostas [RFP] de prestação de serviços,35,Assistência administrativa para responder a solicitações de propostas [RFP] de prestação de serviços,45,Aconselhamento jurídico para responder a solicitações de propostas [rfp] de prestação de serviços,,,,,,,,,,,,,,,,
36,Captação de financiamento para projetos de construção,35,Serviços de gestão de negócios para projetos de construção,,,,,,,,,,,,,,,,,,
36,Captação de fundos para caridade,41,Distribuição de brinquedos para caridade,,,,,,,,,,,,,,,,,,
36,Consultoria financeira,35,,,,,,,,,,,,,,,,,,,
36,Gestão financeira de pagamento de reembolsos para terceiros,35,Administração de negócios de programas de reembolso para terceiros,39,"Reembolso postal [sistema de vendas em que a mercadoria chega à mão do comprador pelo correio, por intermédio do qual é feito o pagamento]",,,,,,,,,,,,,,,,
36,Orçamento [avaliação financeira],35,Avaliações de negócios,,,,,,,,,,,,,,,,,,
36,Patrocínio financeiro,35,Captação de patrocínio,,,,,,,,,,,,,,,,,,
36,Provimento de informações financeiras,35,,,,,,,,,,,,,,,,,,,
36,Seguros contra incêndio,35,"Comércio [através de qualquer meio] de aparelhos extintores de incêndio,",37,Instalação e reparo de alarmes de incêndio,45,"Assessoria, consultoria e informação na área de proteção contra incêndio,",,,,,,,,,,,,,,
36,Seguros de saúde,44,"Aconselhamento em questões de saúde, Serviços de avaliação de saúde, Serviços de saúde",,,,,,,,,,,,,,,,,,
36,Seguros de vida,44,"Aconselhamento em questões de saúde, Serviços de avaliação de saúde, Serviços de saúde",,,,,,,,,,,,,,,,,,
37,Afinação de instrumentos musicais,35,Comércio [através de qualquer meio] de instrumentos musicais,,,,,,,,,,,,,,,,,,
37,Aluguel de equipamento de construção,35,Comércio [através de qualquer meio] de materiais de construção metálicos e não metálicos,,,,,,,,,,,,,,,,,,
37,Aluguel de equipamentos de limpeza,35,Comércio [através de qualquer meio] de material de limpeza,,,,,,,,,,,,,,,,,,
37,Balanceamento de pneus,35,Comércio [através de qualquer meio] de partes e componentes de veículos,,,,,,,,,,,,,,,,,,
37,Carregamento de baterias de veículos,35,Comércio [através de qualquer meio] de partes e componentes de veículos,,,,,,,,,,,,,,,,,,
37,Colocação de papel de parede,42,"Assessoria, consultoria e informações sobre decoração de interiores",,,,,,,,,,,,,,,,,,
37,Conserto de sapatos,35,Comércio [através de qualquer meio] de calçados,,,,,,,,,,,,,,,,,,
37,Estofamento de móveis,35,Comércio [através de qualquer meio] de móveis,,,,,,,,,,,,,,,,,,
37,Instalação de equipamentos de cozinha,35,Comércio [através de qualquer meio] de utensílios e recipientes para a casa ou a cozinha,43,Aluguel de pias de cozinha,,,,,,,,,,,,,,,,
37,Instalação de portas e janelas,40,Coloração de vidros de janelas por meio de revestimento da superfície,,,,,,,,,,,,,,,,,,
37,Instalação e reparo de alarme antifurto,35,Comércio [através de qualquer meio] de partes e componentes de veículos,45,"Monitorização de alarmes anti-roubo e de segurança,",,,,,,,,,,,,,,,,
37,Instalação e reparo de alarmes de incêndio,35,Comércio [através de qualquer meio] de aparelhos extintores de incêndio,36,Seguros contra incêndio,45,"Assessoria, consultoria e informação na área de proteção contra incêndio,",,,,,,,,,,,,,,
37,Instalação e reparo de aparelhos de ar condicionado,40,Aluguel de aparelhos de ar condicionado,,,,,,,,,,,,,,,,,,
37,Instalação e reparo de aparelhos elétricos,35,"Representação comercial de aparelho elétrico, eletrônico e térmico",,,,,,,,,,,,,,,,,,
37,Instalação e reparo de dispositivos de irrigação,44,"Irrigação [rega artificial da terra por meio de canais, canos e levadas]",,,,,,,,,,,,,,,,,,
37,Instalação e reparo de equipamentos de aquecimento,35,Comércio [através de qualquer meio] de aparelhos de aquecimento,40,Aluguel de aparelhos para aquecimento de ambientes,,,,,,,,,,,,,,,,
37,Instalação e reparo de equipamentos de refrigeração,35,"Comércio [através de qualquer meio] de aparelhos de refrigeração,",39,Aluguel de refrigeradores,,,,,,,,,,,,,,,,
37,"Instalação, manutenção e reparo de computadores",35,Atualização e manutenção de dados em bancos de dados de computadores,,,,,,,,,,,,,,,,,,
37,"Instalação, manutenção e reparo de máquinas",35,Comércio [através de qualquer meio] de máquinas-ferramentas,,,,,,,,,,,,,,,,,,
37,"Instalação, manutenção e reparo de máquinas e equipamentos de escritório",35,"Aluguel de máquinas e equipamentos de escritório,",36,"Aluguel de escritórios [imóveis], Aluguel de escritórios para co-working",,,,,,,,,,,,,,,,
37,Lavagem de veículos,39,Estacionamento de carros,,,,,,,,,,,,,,,,,,
37,Manutenção de aparelhos fotográficos,35,"Comércio [através de qualquer meio] de aparelhos e instrumentos fotográficos,",40,Restauração e conservação de fotografias,41,Fotografia,,,,,,,,,,,,,,
37,Manutenção de veículos,35,"Comércio [através de qualquer meio] de partes e componentes de veículos, Comércio [através de qualquer meio] de veículos",39,Serviços de reboque de veículos em pane,,,,,,,,,,,,,,,,
37,Manutenção e reparo de automóveis,35,"Comércio [através de qualquer meio] de partes e componentes de veículos, Comércio [através de qualquer meio] de veículos",39,Serviços de reboque de veículos em pane,,,,,,,,,,,,,,,,
37,Polimento de veículo,35,"Comércio [através de qualquer meio] de partes e componentes de veículos, Comércio [através de qualquer meio] de veículos",39,Serviços de reboque de veículos em pane,,,,,,,,,,,,,,,,
37,Recarga de veículos elétricos,35,"Comércio [através de qualquer meio] de partes e componentes de veículos, Comércio [através de qualquer meio] de veículos",39,Serviços de reboque de veículos em pane,,,,,,,,,,,,,,,,
37,Recondicionamento de roupas,40,Modificação [ajustes] de roupas,,,,,,,,,,,,,,,,,,
37,Reparo de fechaduras de segurança,45,Abertura de fechaduras de segurança,,,,,,,,,,,,,,,,,,
37,Reparo [restauração] de roupas,40,Modificação [ajustes] de roupas,,,,,,,,,,,,,,,,,,
37,Reparos de relógios,35,Comércio [através de qualquer meio] de artigos de relojoaria,,,,,,,,,,,,,,,,,,
37,Restauração de instrumentos musicais,35,Comércio [através de qualquer meio] de instrumentos musicais,,,,,,,,,,,,,,,,,,
37,Restauração de obras de arte,35,"Comércio, no varejo, de obras de artes fornecidas por galerias de arte",36,"Assessoria, consultoria e informação em avaliação de obras de arte, Avaliação de arte",40,"Molduragem de obras de arte,",41,"Aluguel de obras de arte, 42 - Autenticação de obras de arte",,,,,,,,,,,,
37,Serviço de reparo de panes em veículos,35,Comércio [através de qualquer meio] de partes e componentes de veículos,39,Serviços de reboque de veículos em pane,,,,,,,,,,,,,,,,
37,Serviços de postos de gasolina [reabastecimento e manutenção de veículos],35,Comércio [através de qualquer meio] de partes e componentes de veículos,,,,,,,,,,,,,,,,,,
37,"Tratamento, limpeza e conserto de couro",40,Modificação [ajustes] de roupas,,,,,,,,,,,,,,,,,,
37,Vulcanização de pneus [reparo],35,Comércio [através de qualquer meio] de partes e componentes de veículos,,,,,,,,,,,,,,,,,,
38,BBS [serviços de telecomunicação],35,Venda de assinaturas de serviços de telecomunicações para terceiros,42,Consultoria em tecnologia das telecomunicações,,,,,,,,,,,,,,,,
38,Comunicação por rádio,41,,,,,,,,,,,,,,,,,,,
38,Provimento de acesso a bancos de dados,35,Atualização e manutenção de dados em bancos de dados de computadores,37,,42,,,,,,,,,,,,,,,
38,Provimento de fóruns on-line,41,,,,,,,,,,,,,,,,,,,
38,Provimento de informações sobre telecomunicações,42,,,,,,,,,,,,,,,,,,,
38,Serviços de agências de notícias,41,,,,,,,,,,,,,,,,,,,
38,Serviços de difusão sem fio [telecomunicações],42,,,,,,,,,,,,,,,,,,,
38,Serviços de roteamento e junção de telecomunicações,42,,,,,,,,,,,,,,,,,,,
38,"Serviços de telechamadas [rádio, telefone ou outros meios de comunicação eletrônica]",35,,42,,,,,,,,,,,,,,,,,
38,Transmissão de podcasts,41,,,,,,,,,,,,,,,,,,,
39,Acompanhamento de viajantes,35,Administração de programas de viajantes frequentes,43,"Aluguel de acomodação em viagens, Assessoria, consultoria e informação em viagens [alojamento e reservas]",,,,,,,,,,,,,,,,
39,Aluguel de refrigeradores,35,Comércio [através de qualquer meio] de aparelhos de refrigeração,37,Instalação e reparo de equipamentos de refrigeração,,,,,,,,,,,,,,,,
39,Aluguel de roupas de mergulho,40,Confecção de roupas – 35 Comércio [através de qualquer meio] de roupas,37,"Recondicionamento de roupas, Reparo [restauração] de roupas",45,Aluguel de roupas,,,,,,,,,,,,,,
39,Aluguel de veículos,35,"Comércio [através de qualquer meio] de veículos,",37,"Abastecimento de veículos, - Assessoria, consultoria e informação em reparo e manutenção de veículos, - Lavagem de veículos,",42,Vistoria de veículos automotores,,,,,,,,,,,,,,
39,Distribuição de água,40,,42,,,,,,,,,,,,,,,,,
39,Distribuição de eletricidade,37,,40,,42,,,,,,,,,,,,,,,
39,Distribuição de energia,37,,40,,42,,,,,,,,,,,,,,,
39,Embalagem de mercadorias,43,,,,,,,,,,,,,,,,,,,
39,Entrega de flores,35,Comércio [através de qualquer meio] de plantas e flores naturais,,,,,,,,,,,,,,,,,,
39,Entrega de mercadorias,43,,,,,,,,,,,,,,,,,,,
39,Embalagem de presentes,36,Emissão de cartões-presentes,,,,,,,,,,,,,,,,,,
39,Entrega de flores,35,Comércio [através de qualquer meio] de plantas e flores naturais,,,,,,,,,,,,,,,,,,
39,Entrega de mercadorias,43,,,,,,,,,,,,,,,,,,,
39,Estacionamento de carros,37,Lavagem de veículos,,,,,,,,,,,,,,,,,,
39,Fornecimento de água,40,,,,,,,,,,,,,,,,,,,
39,Locação de automóveis,35,,37,,,,,,,,,,,,,,,,,
39,Locação de carros de corrida,35,,37,,,,,,,,,,,,,,,,,
39,Organização de cruzeiros [viagens],35,,43,,,,,,,,,,,,,,,,,
39,Organização de transporte para excursões,35,,43,,,,,,,,,,,,,,,,,
39,Preparação de vistos e documentos de viagem para viagens internacionais,35,,43,,,,,,,,,,,,,,,,,
39,Reserva de assentos para viagem,35,,43,,,,,,,,,,,,,,,,,
39,Reservas para transporte,35,,43,,,,,,,,,,,,,,,,,
39,Reservas para viagens,35,,43,,,,,,,,,,,,,,,,,
39,Serviços de aluguel de carros por períodos curtos de tempo [car sharing],37,"Abastecimento de veículos, - Assessoria, consultoria e informação em reparo e manutenção de veículos, - Lavagem de veículos,",42,Vistoria de veículos automotores,,,,,,,,,,,,,,,,
39,Serviços de reboque de veículos em pane,35,Comércio [através de qualquer meio] de partes e componentes de veículos,37,Serviço de reparo de panes em veículos,,,,,,,,,,,,,,,,
39,Serviços de transporte para visitas turísticas,25,,43,,,,,,,,,,,,,,,,,
40,Abate de animais,35,Comércio [através de qualquer meio] de animais vivos,41,Adestramento de animais,44,Criação de animais,,,,,,,,,,,,,,
40,Aluguel de aparelhos de ar condicionado,37,Instalação e reparo de aparelhos de ar condicionado,,,,,,,,,,,,,,,,,,
40,Aluguel de aparelhos para aquecimento de ambientes,35,Comércio [através de qualquer meio] de aparelhos de aquecimento,37,Instalação e reparo de equipamentos de aquecimento,,,,,,,,,,,,,,,,
40,Aluguel de aquecedores,35,Comércio [através de qualquer meio] de aparelhos de aquecimento,37,Instalação e reparo de equipamentos de aquecimento,,,,,,,,,,,,,,,,
40,Branqueamento de tecidos,35,Comércio [através de qualquer meio] de tecidos,,,,,,,,,,,,,,,,,,
40,Coloração de vidros de janelas por meio de revestimento da superfície,37,Instalação de portas e janelas,,,,,,,,,,,,,,,,,,
40,Confecção de roupas,35,Comércio [através de qualquer meio] de roupas,37,"Recondicionamento de roupas, Reparo [restauração] de roupas",39,Aluguel de roupas de mergulho,45,Aluguel de roupas,,,,,,,,,,,,
40,Congelamento de alimentos,43,"Assessoria, consultoria e informação técnica em serviço de alimentação",,,,,,,,,,,,,,,,,,
40,Conservação de alimentos e bebidas,43,"Assessoria, consultoria e informação técnica em serviço de alimentação",,,,,,,,,,,,,,,,,,
40,Consultoria em vinificação,43,"Assessoria, consultoria e informação sobre o vinho e suas características",,,,,,,,,,,,,,,,,,
40,Copiagem de chaves,37,"Serviços de chaveiro [conserto, manutenção e reparo de fechaduras]",,,,,,,,,,,,,,,,,,
40,Corte de tecidos,35,Comércio [através de qualquer meio] de tecidos,37,Reparo [restauração] de roupas,,,,,,,,,,,,,,,,
40,Debruar roupas,35,Comércio [através de qualquer meio] de tecidos,37,Reparo [restauração] de roupas,,,,,,,,,,,,,,,,
40,Defumação de alimentos,43,"Assessoria, consultoria e informação técnica em serviço de alimentação",,,,,,,,,,,,,,,,,,
40,Derrubada e processamento de madeira,35,Comércio [através de qualquer meio] de madeira semiprocessada,37,Serviços de marcenaria [reparo de trabalhos em madeira],,,,,,,,,,,,,,,,
40,Destruição de lixo e resíduos,39,Coleta de lixo e resíduos domésticos e industriais,,,,,,,,,,,,,,,,,,
40,Encadernação,35,Comércio [através de qualquer meio] de artigos de papelaria,,,,,,,,,,,,,,,,,,
40,Extração de suco de frutas,35,Comércio [através de qualquer meio] de produtos alimentícios [sucos],,,,,,,,,,,,,,,,,,
40,Fabricação de pães sob encomenda,35,"Comércio [através de qualquer meio] de produtos alimentícios [pães], padaria",,,,,,,,,,,,,,,,,,
40,Fotogravura [serviço],37,Manutenção de aparelhos fotográficos ,41,Fotografia,35,Comércio [através de qualquer meio] de aparelhos e instrumentos fotográficos,,,,,,,,,,,,,,
40,Impressão,35,Comércio [através de qualquer meio] de materiais impressos,,,,,,,,,,,,,,,,,,
40,Impressão 3D para terceiros,35,Comércio [através de qualquer meio] de materiais impressos,,,,,,,,,,,,,,,,,,
40,Impressão de estampas,35,Comércio [através de qualquer meio] de materiais impressos,,,,,,,,,,,,,,,,,,
40,Impressão fotográfica,35,Comércio [através de qualquer meio] de aparelhos e instrumentos fotográficos,37,Manutenção de aparelhos fotográficos ,41,Fotografia,,,,,,,,,,,,,,
40,Incineração de lixo e resíduos,39,Coleta de lixo e resíduos domésticos e industriais,,,,,,,,,,,,,,,,,,
40,Modificação [ajustes] de roupas,35,Comércio [através de qualquer meio] de tecidos,37,Reparo [restauração] de roupas,,,,,,,,,,,,,,,,
40,Molduragem de obras de arte,35,"Comércio, no varejo, de obras de artes fornecidas por galerias de arte",36,"Assessoria, consultoria e informação em avaliação de obras de arte, Avaliação de arte",37,"Conservação de obras de arte, Restauração de obras de arte",42,Autenticação de obras de arte,,,,,,,,,,,,
40,Pasteurização de alimentos e bebidas,43,"Assessoria, consultoria e informação técnica em serviço de alimentação",,,,,,,,,,,,,,,,,,
40,Perfumar o ar,35,Comércio [através de qualquer meio] de produtos de perfumaria,,,,,,,,,,,,,,,,,,
40,Pintura para calçados,37,"Sapateiro, conserto e reparo",,,,,,,,,,,,,,,,,,
40,Polimento de vidro óptico,35,Comércio [através de qualquer meio] de aparelhos e instrumentos ópticos,,,,,,,,,,,,,,,,,,
40,Processamento de filmes cinematográficos,41,"Aluguel de filmes cinematográficos, Projeções de filmes cinematográficos",,,,,,,,,,,,,,,,,,
40,Produção de cervejas para terceiros,35,Comércio [através de qualquer meio] de bebidas alcoólicas,,,,,,,,,,,,,,,,,,
40,Produção de energia,37,,39,,42,,,,,,,,,,,,,,,
40,Reciclagem de lixo e resíduos,39,Coleta de lixo e resíduos domésticos e industriais,,,,,,,,,,,,,,,,,,
40,Revelação de filme fotográfico,35,Comércio [através de qualquer meio] de aparelhos e instrumentos fotográficos,37,Manutenção de aparelhos fotográficos,41,Fotografia,,,,,,,,,,,,,,
40,Serviço de bordar,35,Comércio [através de qualquer meio] de tecidos,37,Reparo [restauração] de roupas,,,,,,,,,,,,,,,,
40,Serviços de aplicação de película em vidros de carros,37,"Assessoria, consultoria e informação em reparo e manutenção de veículos",,,,,,,,,,,,,,,,,,
40,Serviços de tinturaria*,35,"Comércio [através de qualquer meio] de tintas, vernizes, lacas",37,Aplicação de tinta e impermeabilizante,,,,,,,,,,,,,,,,
40,Serviços de vinificação para terceiros,43,"Assessoria, consultoria e informação sobre o vinho e suas características",,,,,,,,,,,,,,,,,,
40,Tingimento de couro,35,Comércio [através de qualquer meio] de couro em bruto,37,"Reparo [restauração] de roupas, ou semiprocessado, Tratamento, limpeza e conserto de couro",,,,,,,,,,,,,,,,
40,Tingimento de tecidos,35,Comércio [através de qualquer meio] de tecidos,37,Reparo [restauração] de roupas,,,,,,,,,,,,,,,,
40,Tingimento de têxteis,35,Comércio [através de qualquer meio] de tecidos,37,Reparo [restauração] de roupas,,,,,,,,,,,,,,,,
40,Trabalho em couro,37,"Reparo [restauração] de roupas, ou semiprocessado, Tratamento, limpeza e conserto de couro",35,Comércio [através de qualquer meio] de couro em bruto,,,,,,,,,,,,,,,,
40,Tratamento de água,39,,42,,,,,,,,,,,,,,,,,
40,Tratamento de lixo [transformação],39,Coleta de lixo e resíduos domésticos e industriais,,,,,,,,,,,,,,,,,,
40,Tratamento de tecidos,35,Comércio [através de qualquer meio] de tecidos,37,Reparo [restauração] de roupas,,,,,,,,,,,,,,,,
40,Tratamento de têxteis ,35,Comércio [através de qualquer meio] de tecidos,37,Reparo [restauração] de roupas,,,,,,,,,,,,,,,,
41,Adestramento de animais,44,Criação de animais,,,,,,,,,,,,,,,,,,
41,Aluguel de brinquedos,35,Comércio [através de qualquer meio] de jogos e brinquedos,37,Conserto e manutenção de brinquedos,,,,,,,,,,,,,,,,
41,Aluguel de equipamento de jogos,35,Comércio [através de qualquer meio] de jogos e brinquedos,37,Conserto e manutenção de brinquedos,,,,,,,,,,,,,,,,
41,Aluguel de equipamento para mergulho,39,Aluguel de roupas de mergulho,,,,,,,,,,,,,,,,,,
41,Aluguel de equipamentos para gravação de som,35,"Comércio [através de qualquer meio] de aparelhos para o registro, a transmissão e a reprodução de som ou imagens",,,,,,,,,,,,,,,,,,
41,Aluguel de equipamentos para iluminação de teatro ou estúdios de televisão,43,Aluguel de equipamentos de iluminação*,,,,,,,,,,,,,,,,,,
41,Aluguel de filmes cinematográficos,40,Processamento de filmes cinematográficos,,,,,,,,,,,,,,,,,,
41,Aluguel de obras de arte,35,"Comércio, no varejo, de obras de artes fornecidas por galerias de arte",36,"Assessoria, consultoria e informação em avaliação de obras de arte, Avaliação de arte",37,"Conservação de obras de arte, Restauração de obras de arte,",40,Molduragem de obras de arte,42,Autenticação de obras de arte,,,,,,,,,,
41,Colônia de férias,43, Colônia de férias [alojamento],,,,,,,,,,,,,,,,,,
41,"Direção de filmes, exceto filmes publicitários",35,"Comércio on-line, no varejo, de filmes e músicas pré-gravados e para download",40,Processamento de filmes cinematográficos,,,,,,,,,,,,,,,,
41,Distribuição de filmes,35,"Comércio on-line, no varejo, de filmes e músicas pré-gravados e para download,",40,Processamento de filmes cinematográficos,,,,,,,,,,,,,,,,
41,Elaboração de roteiros [roteirização],35,Redação de roteiros para fins publicitários,,,,,,,,,,,,,,,,,,
41,Escolas de enfermagem,44,,,,,,,,,,,,,,,,,,,
41,Exames pedagógicos [avaliação],44,,,,,,,,,,,,,,,,,,,
41,Exames pedagógicos para qualificação de pilotagem de drones,44,,,,,,,,,,,,,,,,,,,
41,Fotografia,35,Comércio [através de qualquer meio] de aparelhos e instrumentos fotográficos,37,Manutenção de aparelhos fotográficos,40,Restauração e conservação de fotografias,,,,,,,,,,,,,,
41,Locação de espaços para prática de exporte,37,Conservação de campo de esporte,,,,,,,,,,,,,,,,,,
41,Organização de exposições para fins culturais ou educativos,35,,,,,,,,,,,,,,,,,,,
41,Organização e e condução de fóruns educacionais presenciais,38,,,,,,,,,,,,,,,,,,,
41,Orientação vocacional,44,,,,,,,,,,,,,,,,,,,
41,Produção de programas de rádio e televisão,38,,,,,,,,,,,,,,,,,,,
41,Projeções de filmes cinematográficos,40,Processamento de filmes cinematográficos,,,,,,,,,,,,,,,,,,
41,Provimento de serviços para jogos eletrônicos,35,Comércio [através de qualquer meio] de jogos e brinquedos,42,Desenvolvimento de videogames e jogos de computador,,,,,,,,,,,,,,,,
41,Provimento de serviços para jogos on-line [computadores] ,35,Comércio [através de qualquer meio] de jogos e brinquedos,42,Desenvolvimento de videogames e jogos de computador,,,,,,,,,,,,,,,,
41,Publicação de livros,35,Comércio [através de qualquer meio] de livros,,,,,,,,,,,,,,,,,,
41,Redação de textos*,35,,,,,,,,,,,,,,,,,,,
41,"Serviços culturais, pedagógicos ou de divertimento providos por galerias de arte",35,,36,,37,,40,,42,,,,,,,,,,,
41,Serviços de aluguel de projetores e acessórios cinematográficos,40,,,,,,,,,,,,,,,,,,,
41,Serviços de modelos vivos para artistas,35,,,,,,,,,,,,,,,,,,,
41,Serviços de reportagem de notícias,38,,,,,,,,,,,,,,,,,,,
42,Aluguel de computadores,35,Atualização e manutenção de dados em bancos de dados de computadores,37,"Instalação, manutenção e reparo 
de computadores",38,"Fornecimento de mecanismos de busca para a obtenção, manutenção e distribuição de dados a partir de um banco de dados localizado em uma rede mundial de computadores [provimento de acesso a um website], Provimento de acesso a banco de dados",,,,,,,,,,,,,,
42,Aluguel de medidores para registro do consumo de energia,39,"Assessoria, consultoria e informação em distribuição de energia",40,"Assessoria, consultoria e informação em produção de energia",,,,,,,,,,,,,,,,
42,Análise da água,39,,40,,,,,,,,,,,,,,,,,
42,Armazenamento eletrônico de dados,35,"Atualização e manutenção de dados em bancos de dados de computadores,",38,"Fornecimento de 
mecanismos de busca para a obtenção, manutenção e distribuição de 
dados a partir de um banco de dados localizado em uma rede mundial 
de computadores [provimento de acesso a um website], Provimento 
de acesso a banco de dados",,,,,,,,,,,,,,,,
42,Atualização de software de computado,35,,37,,,,,,,,,,,,,,,,,
42,Auditoria de energia,37,,39,,40,,,,,,,,,,,,,,,
42,Autenticação de obras de arte,36,,,,,,,,,,,,,,,,,,,
42,Avaliação da qualidade da lã,20,,23,,40,,,,,,,,,,,,,,,
42,Backup de dados off site,35,Atualização e manutenção de dados em bancos de dados de computadores,38,"Fornecimento de mecanismos de busca para a obtenção, manutenção e distribuição de dados a partir de um banco de dados localizado em uma rede mundial de computadores [provimento de acesso a um website], Provimento de acesso a banco de dados",,,,,,,,,,,,,,,,
42,Concepção de cartões de visitas,35,,40,,,,,,,,,,,,,,,,,
42,Consultoria em arquitetura,44,Arquitetura paisagística,,,,,,,,,,,,,,,,,,
42,Consultoria em concepção e desenvolvimento de hardware de computador,37,Assistência técnica e manutenção de computador [hardware],,,,,,,,,,,,,,,,,,
42,Consultoria em design de websites,35,,,,,,,,,,,,,,,,,,,
42,Consultoria em segurança de computadores,35,Atualização e manutenção de dados em bancos de dados de computadores ,,,,,,,,,,,,,,,,,,
42,Consultoria em segurança de dados,35,Atualização e manutenção de dados em bancos de dados de computadores,38,"Fornecimento de mecanismos de busca para a obtenção, manutenção e distribuição de dados a partir de um banco de dados localizado em uma rede mundial de computadores [provimento de acesso a um website], Provimento de acesso a banco de dados",,,,,,,,,,,,,,,,
42,Consultoria em segurança de internet,35,Atualização e manutenção de dados em bancos de dados de computadores,,,,,,,,,,,,,,,,,,
42,Consultoria em software de computador,35,"Assessoria, consultoria e 
informação em compilação de informações em bancos de dados de 
computador",37,"Assistência técnica e manutenção de computador 
[hardware] ",,,,,,,,,,,,,,,,
42,Consultoria em tecnologia da computação,35,"Assessoria, consultoria e 
informação em compilação de informações em bancos de dados de 
computador",37,Assistência técnica e manutenção de computador [hardware],,,,,,,,,,,,,,,,
42,Consultoria em tecnologia da informação (TI),35,"Assessoria, consultoria e informação em compilação de informações em bancos de dados de computador",37,"Consultoria de tecnologia da informação relacionada a instalação, manutenção e reparo de hardware de computadores",,,,,,,,,,,,,,,,
42,Consultoria em tecnologia das telecomunicações ,35,,38,,,,,,,,,,,,,,,,,
42,Consultoria na área de economia de energia,39,"Assessoria, consultoria e informação em distribuição de energia",40,"Assessoria, consultoria e informação em produção de energia",,,,,,,,,,,,,,,,
42,Consultoria tecnológica,35,"Assessoria, consultoria e informação em compilação de informações em bancos de dados de computador",37,"Consultoria de tecnologia da informação relacionada a instalação, manutenção e reparo de hardware de computadores",,,,,,,,,,,,,,,,
42,Controle de qualidade,35,Implantação de programa de controle de qualidade [controle empresarial],,,,,,,,,,,,,,,,,,
42,"Criação e concepção de índices de informação baseados em um website, para terceiros [serviços de TI] -",38,"Fornecimento de mecanismos de busca para a obtenção, manutenção e distribuição de dados a partir de um banco de dados localizado em uma rede mundial de computadores [provimento de acesso a um website]",,,,,,,,,,,,,,,,,,
42,Criação e manutenção de websites para terceiros,38,"Fornecimento de mecanismos de busca para a obtenção, manutenção e distribuição de dados a partir de um banco de dados localizado em uma rede mundial de computadores [provimento de acesso a um website]",,,,,,,,,,,,,,,,,,
42,Decoração de interiores,37,Colocação de papel de parede,,,,,,,,,,,,,,,,,,
42,Desenhista de moda,40,confeccao de roupas,41,Desfile de moda somente para entretenimento,45,"Assessoria, consultoria e informação sobre as tendências da moda [personal stylist]",,,,,,,,,,,,,,
42,Desenho de plantas para construção,37,,,,,,,,,,,,,,,,,,,
42,Desenvolvimento de software no âmbito de publicação de software,45,Licenciamento [serviços jurídicos] no âmbito de publicação de softwares,,,,,,,,,,,,,,,,,,
42,Design de interiores,37,Colocação de papel de parede,,,,,,,,,,,,,,,,,,
42,Digitalização de documentos [scanning] ,35,,,,,,,,,,,,,,,,,,,
42,Engenharia,37,Construção *,,,,,,,,,,,,,,,,,,
42,Estilista,40,confeccao de roupas,41,Desfile de moda somente para entretenimento,45,"Assessoria, consultoria e informação sobre as tendências da moda [personal stylist]",,,,,,,,,,,,,,
42,Pesquisas em cosmética,44,Consultoria em farmacêutica,,,,,,,,,,,,,,,,,,
42,Pesquisas médicas,44,,,,,,,,,,,,,,,,,,,
42,Pesquisas no campo de construções de edificações,37,,,,,,,,,,,,,,,,,,,
42,Previsão do tempo,16,,35,,41,,,,,,,,,,,,,,,
42,Serviços científicos de laboratório,42,Controle de qualidade para laboratório de análise clínica,,,,,,,,,,,,,,,,,,
42,Serviços de criação em artes gráficas,35,Serviços de layout para fins publicitários,41," Serviços de layout, exceto para fins publicitários",,,,,,,,,,,,,,,,
42,Serviços terceirizados na área de tecnologia da informação,37,"Consultoria de tecnologia da informação relacionada a instalação, manutenção e reparo de hardware de computadores",,,,,,,,,,,,,,,,,,
42,Vistoria de veículos automotores,36,Vistoria prévia em veículo para seguradora e corretora de seguro,37,locação de carros de corrida,39,locação de carros,,,,,,,,,,,,,,
43,"Aluguel de cadeiras, mesas, roupa de mesa e vidraria de mesa",35,"comércio de mesas, cadeiras, roupas de mesa",,,,,,,,,,,,,,,,,,
43,Aluguel de equipamentos de iluminação*,35,Comércio [através de qualquer meio] de aparelhos de iluminação,41,Aluguel de equipamentos para iluminação de teatro ou estúdios de televisão,,,,,,,,,,,,,,,,
43,Aluguel de salas de reunião,36,Aluguel de escritórios para co-working,,,,,,,,,,,,,,,,,,
43,Colônia de férias [alojamento],41,,,,,,,,,,,,,,,,,,,
43,Decoração de alimentos,35,,,,,,,,,,,,,,,,,,,
43,Decoração de bolos,35,,,,,,,,,,,,,,,,,,,
43,Escultura em alimentos,35,,,,,,,,,,,,,,,,,,,
43,Pensão para animais,44,,,,,,,,,,,,,,,,,,,
43,Reservas em pensões [alojamento] ,35, Administração de programas de viajantes frequentes,39,Acompanhamento de viajantes ,,,,,,,,,,,,,,,,
43,Serviços de bar ,35,comércio de bebidas e produtos alimentícios,39,entrega de refeições,,,,,,,,,,,,,,,,
43,Serviços de cafés [bares],35,comércio de bebidas e produtos alimentícios,39,entrega de refeições,,,,,,,,,,,,,,,,
43,Serviços de cafeteria,35,comércio de bebidas e produtos alimentícios,39,entrega de refeições,,,,,,,,,,,,,,,,
43,Serviços de cantinas,35,comércio de bebidas e produtos alimentícios,39,entrega de refeições,,,,,,,,,,,,,,,,
43,Serviços de creches [berçários],41,serviços de ensino,,,,,,,,,,,,,,,,,,
43,Serviços de lanchonetes,35,comércio de bebidas e produtos alimentícios,39,entrega de refeições,,,,,,,,,,,,,,,,
43,Serviços de restaurantes,35,comércio de bebidas e produtos alimentícios,39,entrega de refeições,,,,,,,,,,,,,,,,
43,Serviços de restaurantes de autosserviço,35,comércio de bebidas e produtos alimentícios,39,entrega de refeições,,,,,,,,,,,,,,,,
43,Serviços de restaurante de macarrão udon e soba,35,comércio de bebidas e produtos alimentícios,39,entrega de refeições,,,,,,,,,,,,,,,,
44,Aconselhamento em questões de saúde,36,Seguros de saúde,,,,,,,,,,,,,,,,,,
44,Aluguel de equipamentos agrícolas,35,comércio de equipamentos agrícolas,,,,,,,,,,,,,,,,,,
44,Consultoria em viticultura,43,"Assessoria, consultoria e informação sobre o vinho e suas características",,,,,,,,,,,,,,,,,,
44,Criação de animais,35,Comércio [através de qualquer meio] de animais vivos,40,Abate de animais,41,Adestramento de animais,,,,,,,,,,,,,,
44,Cultivo de plantas,35,Comércio [através de qualquer meio] de plantas e flores naturais,,,,,,,,,,,,,,,,,,
44,Serviços de abrigos para doentes e desamparados,43,Serviços de abrigo para animais,,,,,,,,,,,,,,,,,,
44,Serviços de arranjo de flores,35,,41,,,,,,,,,,,,,,,,,
44,Serviços de casas de repouso,43,,,,,,,,,,,,,,,,,,,
44,Serviços de clínica de repouso,43,,,,,,,,,,,,,,,,,,,
44,Serviços de oculista,35,Comércio [através de qualquer meio] de aparelhos e instrumentos ópticos,40,Polimento de vidro óptico,,,,,,,,,,,,,,,,
44,Serviços de psicólogos,35,"Assessoria, consultoria e informação sobre testes psicológicos para seleção de pessoal",41,"Testes, exames e provas psicotécnicos para orientação vocacional",,,,,,,,,,,,,,,,
44,Serviços de saúde,36,Seguros de saúde,,,,,,,,,,,,,,,,,,
44,Toalete de animais,35,Comércio [através de qualquer meio] de artigos para animais,37,"Conservação, limpeza e conserto de peles [de animais]",,,,,,,,,,,,,,,,
44,Toalete de animais de estimação,35,Comércio [através de qualquer meio] de artigos para animais,37,"Conservação, limpeza e conserto de peles [de animais]",,,,,,,,,,,,,,,,
45,Abertura de fechaduras de segurança,37,Reparo de fechadura de segurança,40,Serviços de chaveiro [fabricação de chaves e fechaduras],,,,,,,,,,,,,,,,
45,Administração legal de licenças,35,,,,,,,,,,,,,,,,,,,
45,Aluguel de alarmes de incêndio,36,Seguros contra incêndio,35,Comércio [através de qualquer meio] de aparelhos extintores de incêndio,37,Instalação e reparo de alarmes de incêndio,,,,,,,,,,,,,,
45,Aluguel de extintores de incêndio,36,Seguros contra incêndio,35,Comércio [através de qualquer meio] de aparelhos extintores de incêndio,37,Instalação e reparo de alarmes de incêndio,,,,,,,,,,,,,,
45,Aluguel de roupas,35,Comércio [através de qualquer meio] de roupas,37,"Recondicionamento de roupas, Reparo [restauração] de roupas",39,Aluguel de roupas de mergulho,40,Confecção de roupas,,,,,,,,,,,,
45,Aluguel de trajes a rigor,35,,40,,42,,,,,,,,,,,,,,,
45,Combate ao fogo,35,"Comércio [através 
de qualquer meio] de aparelhos extintores de incêndio",36,Seguros contra incêndio,37,Instalação e reparo de alarmes de incêndio,,,,,,,,,,,,,,
45,Condução de cerimônias fúnebres,41,,,,,,,,,,,,,,,,,,,
45,Condução de cerimônias religiosas,41,,,,,,,,,,,,,,,,,,,
45,Consultoria em propriedade intelectual,35,"Assessoria, consultoria e informação sobre gestão de negócios no campo da propriedade intelectual",36,Avaliação financeira de ativos de propriedade intelectual,,,,,,,,,,,,,,,,
45,Consultoria em segurança física,35,,,,,,,,,,,,,,,,,,,
45,Consultoria espiritual,35,,,,,,,,,,,,,,,,,,,
45,Gestão de direitos autorais,35,"Assessoria, consultoria e informação sobre gestão de negócios no campo da propriedade intelectual",36,Avaliação financeira de ativos de propriedade intelectual,,,,,,,,,,,,,,,,
45,Leasing de nomes de domínio da internet,42,,,,,,,,,,,,,,,,,,,
45,Licenciamento de programa de computador [serviços jurídicos],35,"Assessoria, consultoria e informação sobre gestão de negócios no campo da propriedade intelectual",36,"Avaliação financeira de ativos de 
propriedade intelectual",,,,,,,,,,,,,,,,
45,Licenciamento de propriedade intelectual,35,"Assessoria, consultoria e informação sobre gestão de negócios no campo da propriedade intelectual",36,"Assessoria, consultoria e informação sobre gestão de negócios no campo da propriedade intelectual",,,,,,,,,,,,,,,,
45,Mediação,35,,,,,,,,,,,,,,,,,,,
45,Organização de encontros políticos,41,,,,,,,,,,,,,,,,,,,
45,Organização de encontros religiosos,41,,,,,,,,,,,,,,,,,,,
45,Planejamento e organização de cerimônias de casamento,41,,,,,,,,,,,,,,,,,,,
45,Registro de nomes de domínio [serviços jurídicos],42,,,,,,,,,,,,,,,,,,,
45,Serviço de consultoria de estilo,42,,,,,,,,,,,,,,,,,,,
45,Serviço de monitoramento de direitos de propriedade intelectual para fins de aconselhamento jurídico,35,"Assessoria, consultoria e informação sobre gestão de negócios no campo da propriedade intelectual",36,Avaliação financeira de ativos de propriedade intelectual,,,,,,,,,,,,,,,,
45,Serviços de agente funerário,36,Consórcio funerário,,,,,,,,,,,,,,,,,,
45,Serviços de arbitragem ,41,Arbitragem esportiva,,,,,,,,,,,,,,,,,,
45,Serviços de babá,43,Creche,,,,,,,,,,,,,,,,,,
45,Serviços de babá de animais de estimação,43,,,,,,,,,,,,,,,,,,,
45,Serviços de concierge,39,,43,,,,,,,,,,,,,,,,,
45,Serviços de consultoria jurídica relativa a mapeamento de patentes,35,"Assessoria, consultoria e informação sobre gestão de negócios no campo da propriedade intelectual",36,Avaliação financeira de ativos de propriedade intelectual,,,,,,,,,,,,,,,,
45,Serviços de encontros,41,,,,,,,,,,,,,,,,,,,
45,Serviços de preparação de documentos jurídicos,35,,,,,,,,,,,,,,,,,,,
45,Serviços de salva-vidas,35,Comércio [através de qualquer meio] de aparelhos e instrumentos de salvamento,39,Salvamento [naufrágio],,,,,,,,,,,,,,,,
45,Serviços de vigilância noturna,39,Serviços de vigilância noturna,,,,,,,,,,,,,,,,,,
45,Verificação de segurança de bagagens,39,Serviços de armazenamento de bagagens,,,,,,,,,,,,,,,,,,